timestamp,hour,total_verified_MW,solarchain_liquidity_MW,baseline_liquidity_MW,slippage_solarchain_pct,slippage_baseline_pct
2026-04-01T00:00:00+08:00,0,0.0,0.018,0.008,2.8571,8.6111
2026-04-01T01:00:00+08:00,1,0.0,0.018,0.008,2.8571,8.6111
2026-04-01T02:00:00+08:00,2,0.0,0.018,0.008,2.8571,8.6111
2026-04-01T03:00:00+08:00,3,0.0,0.018,0.008,2.8571,8.6111
2026-04-01T04:00:00+08:00,4,0.0,0.018,0.008,2.8571,8.6111
2026-04-01T05:00:00+08:00,5,0.0,0.018,0.008,2.8571,8.6111
2026-04-01T06:00:00+08:00,6,0.0,0.018,0.008,2.8571,8.6111
2026-04-01T07:00:00+08:00,7,0.009985,0.027187,0.014091,2.4935,7.365
2026-04-01T08:00:00+08:00,8,0.048844,0.062937,0.037795,1.6676,4.7116
2026-04-01T09:00:00+08:00,9,0.137616,0.144606,0.091945,0.9493,2.5845
2026-04-01T10:00:00+08:00,10,0.205878,0.207408,0.133586,0.7131,1.9185
2026-04-01T11:00:00+08:00,11,0.246595,0.244868,0.158423,0.621,1.6629
2026-04-01T12:00:00+08:00,12,0.274964,0.270967,0.175728,0.5697,1.5216
2026-04-01T13:00:00+08:00,13,0.271531,0.267809,0.173634,0.5754,1.5374
2026-04-01T14:00:00+08:00,14,0.259948,0.257152,0.166568,0.5957,1.5933
2026-04-01T15:00:00+08:00,15,0.223652,0.22376,0.144428,0.6697,1.7979
2026-04-01T16:00:00+08:00,16,0.156385,0.161874,0.103395,0.8701,2.3593
2026-04-01T17:00:00+08:00,17,0.096097,0.106409,0.066619,1.1888,3.2763
2026-04-01T18:00:00+08:00,18,0.025246,0.041227,0.0234,2.0875,6.0311
2026-04-01T19:00:00+08:00,19,0.002675,0.020461,0.009632,2.7497,8.2378
2026-04-01T20:00:00+08:00,20,0.0,0.018,0.008,2.8571,8.6111
2026-04-01T21:00:00+08:00,21,0.0,0.018,0.008,2.8571,8.6111
2026-04-01T22:00:00+08:00,22,0.0,0.018,0.008,2.8571,8.6111
2026-04-01T23:00:00+08:00,23,0.0,0.018,0.008,2.8571,8.6111
2026-04-02T00:00:00+08:00,0,0.0,0.018,0.008,2.8571,8.6111
2026-04-02T01:00:00+08:00,1,0.0,0.018,0.008,2.8571,8.6111
2026-04-02T02:00:00+08:00,2,0.0,0.018,0.008,2.8571,8.6111
2026-04-02T03:00:00+08:00,3,0.0,0.018,0.008,2.8571,8.6111
2026-04-02T04:00:00+08:00,4,0.0,0.018,0.008,2.8571,8.6111
2026-04-02T05:00:00+08:00,5,0.0,0.018,0.008,2.8571,8.6111
2026-04-02T06:00:00+08:00,6,0.000247,0.018228,0.008151,2.8469,8.5752
2026-04-02T07:00:00+08:00,7,0.017527,0.034125,0.018691,2.2749,6.6393
2026-04-02T08:00:00+08:00,8,0.061902,0.07495,0.04576,1.5006,4.2028
2026-04-02T09:00:00+08:00,9,0.123405,0.131532,0.083277,1.0196,2.7858
2026-04-02T10:00:00+08:00,10,0.197065,0.199299,0.128209,0.7368,1.9845
2026-04-02T11:00:00+08:00,11,0.242062,0.240697,0.155658,0.63,1.6879
2026-04-02T12:00:00+08:00,12,0.260751,0.257891,0.167058,0.5943,1.5893
2026-04-02T13:00:00+08:00,13,0.269068,0.265543,0.172132,0.5796,1.549
2026-04-02T14:00:00+08:00,14,0.240368,0.239138,0.154624,0.6335,1.6975
2026-04-02T15:00:00+08:00,15,0.199838,0.201851,0.129901,0.7292,1.9633
2026-04-02T16:00:00+08:00,16,0.123974,0.132056,0.083624,1.0166,2.7772
2026-04-02T17:00:00+08:00,17,0.064288,0.077145,0.047215,1.4737,4.1215
2026-04-02T18:00:00+08:00,18,0.024265,0.040323,0.022801,2.1096,6.1022
2026-04-02T19:00:00+08:00,19,0.002304,0.02012,0.009406,2.7641,8.2875
2026-04-02T20:00:00+08:00,20,0.0,0.018,0.008,2.8571,8.6111
2026-04-02T21:00:00+08:00,21,0.0,0.018,0.008,2.8571,8.6111
2026-04-02T22:00:00+08:00,22,0.0,0.018,0.008,2.8571,8.6111
2026-04-02T23:00:00+08:00,23,0.0,0.018,0.008,2.8571,8.6111
2026-04-03T00:00:00+08:00,0,0.0,0.018,0.008,2.8571,8.6111
2026-04-03T01:00:00+08:00,1,0.0,0.018,0.008,2.8571,8.6111
2026-04-03T02:00:00+08:00,2,0.0,0.018,0.008,2.8571,8.6111
2026-04-03T03:00:00+08:00,3,0.0,0.018,0.008,2.8571,8.6111
2026-04-03T04:00:00+08:00,4,0.0,0.018,0.008,2.8571,8.6111
2026-04-03T05:00:00+08:00,5,0.0,0.018,0.008,2.8571,8.6111
2026-04-03T06:00:00+08:00,6,6.2e-05,0.018057,0.008038,2.8546,8.6021
2026-04-03T07:00:00+08:00,7,0.005168,0.022754,0.011152,2.6567,7.9178
2026-04-03T08:00:00+08:00,8,0.024263,0.040322,0.022801,2.1097,6.1023
2026-04-03T09:00:00+08:00,9,0.072225,0.084447,0.052057,1.3905,3.8722
2026-04-03T10:00:00+08:00,10,0.104609,0.114241,0.071812,1.1304,3.1058
2026-04-03T11:00:00+08:00,11,0.135624,0.142774,0.090731,0.9586,2.6109
2026-04-03T12:00:00+08:00,12,0.182439,0.185844,0.119288,0.7797,2.1047
2026-04-03T13:00:00+08:00,13,0.200738,0.202679,0.13045,0.7267,1.9564
2026-04-03T14:00:00+08:00,14,0.179369,0.18302,0.117415,0.7894,2.1318
2026-04-03T15:00:00+08:00,15,0.146297,0.152594,0.097241,0.911,2.4752
2026-04-03T16:00:00+08:00,16,0.11488,0.12369,0.078077,1.067,2.9224
2026-04-03T17:00:00+08:00,17,0.075059,0.087054,0.053786,1.3631,3.7904
2026-04-03T18:00:00+08:00,18,0.030061,0.045656,0.026337,1.9855,5.7051
2026-04-03T19:00:00+08:00,19,0.00253,0.020328,0.009544,2.7553,8.2571
2026-04-03T20:00:00+08:00,20,0.0,0.018,0.008,2.8571,8.6111
2026-04-03T21:00:00+08:00,21,0.0,0.018,0.008,2.8571,8.6111
2026-04-03T22:00:00+08:00,22,0.0,0.018,0.008,2.8571,8.6111
2026-04-03T23:00:00+08:00,23,0.0,0.018,0.008,2.8571,8.6111
2026-04-04T00:00:00+08:00,0,0.0,0.018,0.008,2.8571,8.6111
2026-04-04T01:00:00+08:00,1,0.0,0.018,0.008,2.8571,8.6111
2026-04-04T02:00:00+08:00,2,0.0,0.018,0.008,2.8571,8.6111
2026-04-04T03:00:00+08:00,3,0.0,0.018,0.008,2.8571,8.6111
2026-04-04T04:00:00+08:00,4,0.0,0.018,0.008,2.8571,8.6111
2026-04-04T05:00:00+08:00,5,0.0,0.018,0.008,2.8571,8.6111
2026-04-04T06:00:00+08:00,6,0.000314,0.018289,0.008191,2.8441,8.5656
2026-04-04T07:00:00+08:00,7,0.017871,0.034441,0.018901,2.2658,6.6096
2026-04-04T08:00:00+08:00,8,0.063813,0.076708,0.046926,1.479,4.1374
2026-04-04T09:00:00+08:00,9,0.143007,0.149567,0.095234,0.9251,2.5155
2026-04-04T10:00:00+08:00,10,0.196465,0.198748,0.127844,0.7385,1.9892
2026-04-04T11:00:00+08:00,11,0.232273,0.231691,0.149686,0.6505,1.7446
2026-04-04T12:00:00+08:00,12,0.237052,0.236088,0.152602,0.6404,1.7165
2026-04-04T13:00:00+08:00,13,0.27551,0.27147,0.176061,0.5688,1.5192
2026-04-04T14:00:00+08:00,14,0.257902,0.25527,0.16532,0.5995,1.6036
2026-04-04T15:00:00+08:00,15,0.203423,0.205149,0.132088,0.7196,1.9364
2026-04-04T16:00:00+08:00,16,0.170768,0.175106,0.112168,0.8178,2.2116
2026-04-04T17:00:00+08:00,17,0.102357,0.112168,0.070437,1.1453,3.1492
2026-04-04T18:00:00+08:00,18,0.029929,0.045534,0.026256,1.9882,5.7136
2026-04-04T19:00:00+08:00,19,0.002766,0.020545,0.009688,2.7462,8.2255
2026-04-04T20:00:00+08:00,20,0.0,0.018,0.008,2.8571,8.6111
2026-04-04T21:00:00+08:00,21,0.0,0.018,0.008,2.8571,8.6111
2026-04-04T22:00:00+08:00,22,0.0,0.018,0.008,2.8571,8.6111
2026-04-04T23:00:00+08:00,23,0.0,0.018,0.008,2.8571,8.6111
2026-04-05T00:00:00+08:00,0,0.0,0.018,0.008,2.8571,8.6111
2026-04-05T01:00:00+08:00,1,0.0,0.018,0.008,2.8571,8.6111
2026-04-05T02:00:00+08:00,2,0.0,0.018,0.008,2.8571,8.6111
2026-04-05T03:00:00+08:00,3,0.0,0.018,0.008,2.8571,8.6111
2026-04-05T04:00:00+08:00,4,0.0,0.018,0.008,2.8571,8.6111
2026-04-05T05:00:00+08:00,5,0.0,0.018,0.008,2.8571,8.6111
2026-04-05T06:00:00+08:00,6,0.00033,0.018304,0.008202,2.8434,8.5632
2026-04-05T07:00:00+08:00,7,0.01768,0.034266,0.018785,2.2708,6.6261
2026-04-05T08:00:00+08:00,8,0.070338,0.082711,0.050906,1.4094,3.9287
2026-04-05T09:00:00+08:00,9,0.131078,0.138592,0.087958,0.9804,2.6734
2026-04-05T10:00:00+08:00,10,0.183105,0.186457,0.119694,0.7777,2.0989
2026-04-05T11:00:00+08:00,11,0.225696,0.22564,0.145675,0.6651,1.7849
2026-04-05T12:00:00+08:00,12,0.258656,0.255963,0.16578,0.5981,1.5998
2026-04-05T13:00:00+08:00,13,0.28097,0.276493,0.179392,0.5599,1.4948
2026-04-05T14:00:00+08:00,14,0.2382,0.237144,0.153302,0.638,1.7099
2026-04-05T15:00:00+08:00,15,0.200479,0.202441,0.130292,0.7274,1.9584
2026-04-05T16:00:00+08:00,16,0.161793,0.16685,0.106694,0.8497,2.3015
2026-04-05T17:00:00+08:00,17,0.088268,0.099207,0.061844,1.2482,3.4504
2026-04-05T18:00:00+08:00,18,0.02531,0.041285,0.023439,2.0861,6.0265
2026-04-05T19:00:00+08:00,19,0.003174,0.02092,0.009936,2.7306,8.1716
2026-04-05T20:00:00+08:00,20,0.0,0.018,0.008,2.8571,8.6111
2026-04-05T21:00:00+08:00,21,0.0,0.018,0.008,2.8571,8.6111
2026-04-05T22:00:00+08:00,22,0.0,0.018,0.008,2.8571,8.6111
2026-04-05T23:00:00+08:00,23,0.0,0.018,0.008,2.8571,8.6111
2026-04-06T00:00:00+08:00,0,0.0,0.018,0.008,2.8571,8.6111
2026-04-06T01:00:00+08:00,1,0.0,0.018,0.008,2.8571,8.6111
2026-04-06T02:00:00+08:00,2,0.0,0.018,0.008,2.8571,8.6111
2026-04-06T03:00:00+08:00,3,0.0,0.018,0.008,2.8571,8.6111
2026-04-06T04:00:00+08:00,4,0.0,0.018,0.008,2.8571,8.6111
2026-04-06T05:00:00+08:00,5,0.0,0.018,0.008,2.8571,8.6111
2026-04-06T06:00:00+08:00,6,0.000249,0.018229,0.008152,2.8468,8.575
2026-04-06T07:00:00+08:00,7,0.008571,0.025886,0.013229,2.5393,7.5191
2026-04-06T08:00:00+08:00,8,0.027656,0.043443,0.02487,2.0352,5.8634
2026-04-06T09:00:00+08:00,9,0.070525,0.082883,0.05102,1.4075,3.923
2026-04-06T10:00:00+08:00,10,0.124171,0.132237,0.083744,1.0156,2.7742
2026-04-06T11:00:00+08:00,11,0.172536,0.176733,0.113247,0.8118,2.1947
2026-04-06T12:00:00+08:00,12,0.205562,0.207117,0.133393,0.714,1.9208
2026-04-06T13:00:00+08:00,13,0.216634,0.217304,0.140147,0.6862,1.8436
2026-04-06T14:00:00+08:00,14,0.210473,0.211635,0.136389,0.7014,1.8858
2026-04-06T15:00:00+08:00,15,0.159468,0.16471,0.105275,0.8583,2.326
2026-04-06T16:00:00+08:00,16,0.116286,0.124983,0.078935,1.0589,2.899
2026-04-06T17:00:00+08:00,17,0.058253,0.071593,0.043535,1.5438,4.3336
2026-04-06T18:00:00+08:00,18,0.01406,0.030935,0.016576,2.3705,6.9544
2026-04-06T19:00:00+08:00,19,0.003043,0.020799,0.009856,2.7356,8.1889
2026-04-06T20:00:00+08:00,20,0.0,0.018,0.008,2.8571,8.6111
2026-04-06T21:00:00+08:00,21,0.0,0.018,0.008,2.8571,8.6111
2026-04-06T22:00:00+08:00,22,0.0,0.018,0.008,2.8571,8.6111
2026-04-06T23:00:00+08:00,23,0.0,0.018,0.008,2.8571,8.6111
2026-04-07T00:00:00+08:00,0,0.0,0.018,0.008,2.8571,8.6111
2026-04-07T01:00:00+08:00,1,0.0,0.018,0.008,2.8571,8.6111
2026-04-07T02:00:00+08:00,2,0.0,0.018,0.008,2.8571,8.6111
2026-04-07T03:00:00+08:00,3,0.0,0.018,0.008,2.8571,8.6111
2026-04-07T04:00:00+08:00,4,0.0,0.018,0.008,2.8571,8.6111
2026-04-07T05:00:00+08:00,5,0.0,0.018,0.008,2.8571,8.6111
2026-04-07T06:00:00+08:00,6,0.000419,0.018385,0.008255,2.8398,8.5505
2026-04-07T07:00:00+08:00,7,0.01836,0.034891,0.0192,2.2531,6.5679
2026-04-07T08:00:00+08:00,8,0.060559,0.073714,0.044941,1.5162,4.25
2026-04-07T09:00:00+08:00,9,0.129109,0.13678,0.086756,0.9902,2.7014
2026-04-07T10:00:00+08:00,10,0.205893,0.207422,0.133595,0.7131,1.9184
2026-04-07T11:00:00+08:00,11,0.241272,0.23997,0.155176,0.6316,1.6924
2026-04-07T12:00:00+08:00,12,0.291389,0.286078,0.185747,0.5437,1.4503
2026-04-07T13:00:00+08:00,13,0.276948,0.272792,0.176938,0.5664,1.5127
2026-04-07T14:00:00+08:00,14,0.269737,0.266158,0.17254,0.5785,1.5458
2026-04-07T15:00:00+08:00,15,0.225794,0.225731,0.145735,0.6649,1.7843
2026-04-07T16:00:00+08:00,16,0.168535,0.173052,0.110806,0.8255,2.2333
2026-04-07T17:00:00+08:00,17,0.088727,0.099629,0.062124,1.2446,3.4397
2026-04-07T18:00:00+08:00,18,0.024855,0.040866,0.023161,2.0963,6.0593
2026-04-07T19:00:00+08:00,19,0.003547,0.021264,0.010164,2.7164,8.1229
2026-04-07T20:00:00+08:00,20,0.0,0.018,0.008,2.8571,8.6111
2026-04-07T21:00:00+08:00,21,0.0,0.018,0.008,2.8571,8.6111
2026-04-07T22:00:00+08:00,22,0.0,0.018,0.008,2.8571,8.6111
2026-04-07T23:00:00+08:00,23,0.0,0.018,0.008,2.8571,8.6111
2026-04-08T00:00:00+08:00,0,0.0,0.018,0.008,2.8571,8.6111
2026-04-08T01:00:00+08:00,1,0.0,0.018,0.008,2.8571,8.6111
2026-04-08T02:00:00+08:00,2,0.0,0.018,0.008,2.8571,8.6111
2026-04-08T03:00:00+08:00,3,0.0,0.018,0.008,2.8571,8.6111
2026-04-08T04:00:00+08:00,4,0.0,0.018,0.008,2.8571,8.6111
2026-04-08T05:00:00+08:00,5,0.0,0.018,0.008,2.8571,8.6111
2026-04-08T06:00:00+08:00,6,0.0006,0.018552,0.008366,2.8323,8.5244
2026-04-08T07:00:00+08:00,7,0.017884,0.034454,0.018909,2.2655,6.6085
2026-04-08T08:00:00+08:00,8,0.058707,0.07201,0.043811,1.5383,4.3169
2026-04-08T09:00:00+08:00,9,0.130852,0.138384,0.08782,0.9815,2.6766
2026-04-08T10:00:00+08:00,10,0.171334,0.175628,0.112514,0.8159,2.2062
2026-04-08T11:00:00+08:00,11,0.21489,0.215699,0.139083,0.6905,1.8554
2026-04-08T12:00:00+08:00,12,0.232373,0.231783,0.149748,0.6503,1.744
2026-04-08T13:00:00+08:00,13,0.247849,0.246022,0.159188,0.6185,1.6561
2026-04-08T14:00:00+08:00,14,0.205475,0.207037,0.13334,0.7142,1.9214
2026-04-08T15:00:00+08:00,15,0.184891,0.1881,0.120784,0.7722,2.0836
2026-04-08T16:00:00+08:00,16,0.099438,0.109483,0.068657,1.1652,3.2072
2026-04-08T17:00:00+08:00,17,0.064607,0.077438,0.04741,1.4701,4.1109
2026-04-08T18:00:00+08:00,18,0.024038,0.040115,0.022663,2.1148,6.1188
2026-04-08T19:00:00+08:00,19,0.003645,0.021354,0.010224,2.7127,8.1102
2026-04-08T20:00:00+08:00,20,0.0,0.018,0.008,2.8571,8.6111
2026-04-08T21:00:00+08:00,21,0.0,0.018,0.008,2.8571,8.6111
2026-04-08T22:00:00+08:00,22,0.0,0.018,0.008,2.8571,8.6111
2026-04-08T23:00:00+08:00,23,0.0,0.018,0.008,2.8571,8.6111
2026-04-09T00:00:00+08:00,0,0.0,0.018,0.008,2.8571,8.6111
2026-04-09T01:00:00+08:00,1,0.0,0.018,0.008,2.8571,8.6111
2026-04-09T02:00:00+08:00,2,0.0,0.018,0.008,2.8571,8.6111
2026-04-09T03:00:00+08:00,3,0.0,0.018,0.008,2.8571,8.6111
2026-04-09T04:00:00+08:00,4,0.0,0.018,0.008,2.8571,8.6111
2026-04-09T05:00:00+08:00,5,0.0,0.018,0.008,2.8571,8.6111
2026-04-09T06:00:00+08:00,6,0.000413,0.01838,0.008252,2.84,8.5513
2026-04-09T07:00:00+08:00,7,0.013612,0.030523,0.016303,2.3834,6.9972
2026-04-09T08:00:00+08:00,8,0.047961,0.062124,0.037256,1.6803,4.7505
2026-04-09T09:00:00+08:00,9,0.092329,0.102943,0.064321,1.2167,3.3579
2026-04-09T10:00:00+08:00,10,0.126359,0.13425,0.085079,1.0042,2.7415
2026-04-09T11:00:00+08:00,11,0.143753,0.150253,0.095689,0.9219,2.5063
2026-04-09T12:00:00+08:00,12,0.206141,0.20765,0.133746,0.7124,1.9166
2026-04-09T13:00:00+08:00,13,0.201788,0.203645,0.131091,0.7239,1.9486
2026-04-09T14:00:00+08:00,14,0.214439,0.215284,0.138808,0.6916,1.8584
2026-04-09T15:00:00+08:00,15,0.189962,0.192765,0.123877,0.757,2.0411
2026-04-09T16:00:00+08:00,16,0.135401,0.142569,0.090594,0.9596,2.614
2026-04-09T17:00:00+08:00,17,0.091322,0.102016,0.063706,1.2244,3.3804
2026-04-09T18:00:00+08:00,18,0.02819,0.043935,0.025196,2.024,5.8275
2026-04-09T19:00:00+08:00,19,0.003534,0.021251,0.010155,2.7169,8.1247
2026-04-09T20:00:00+08:00,20,0.0,0.018,0.008,2.8571,8.6111
2026-04-09T21:00:00+08:00,21,0.0,0.018,0.008,2.8571,8.6111
2026-04-09T22:00:00+08:00,22,0.0,0.018,0.008,2.8571,8.6111
2026-04-09T23:00:00+08:00,23,0.0,0.018,0.008,2.8571,8.6111
2026-04-10T00:00:00+08:00,0,0.0,0.018,0.008,2.8571,8.6111
2026-04-10T01:00:00+08:00,1,0.0,0.018,0.008,2.8571,8.6111
2026-04-10T02:00:00+08:00,2,0.0,0.018,0.008,2.8571,8.6111
2026-04-10T03:00:00+08:00,3,0.0,0.018,0.008,2.8571,8.6111
2026-04-10T04:00:00+08:00,4,0.0,0.018,0.008,2.8571,8.6111
2026-04-10T05:00:00+08:00,5,0.0,0.018,0.008,2.8571,8.6111
2026-04-10T06:00:00+08:00,6,0.000415,0.018382,0.008253,2.8399,8.551
2026-04-10T07:00:00+08:00,7,0.013718,0.030621,0.016368,2.3803,6.987
2026-04-10T08:00:00+08:00,8,0.060023,0.073221,0.044614,1.5226,4.2691
2026-04-10T09:00:00+08:00,9,0.099014,0.109093,0.068398,1.1681,3.2158
2026-04-10T10:00:00+08:00,10,0.157127,0.162557,0.103847,0.8672,2.3512
2026-04-10T11:00:00+08:00,11,0.201726,0.203588,0.131053,0.7241,1.949
2026-04-10T12:00:00+08:00,12,0.207118,0.208549,0.134342,0.7099,1.9095
2026-04-10T13:00:00+08:00,13,0.235679,0.234825,0.151764,0.6433,1.7245
2026-04-10T14:00:00+08:00,14,0.238228,0.23717,0.153319,0.6379,1.7097
2026-04-10T15:00:00+08:00,15,0.224576,0.22461,0.144991,0.6676,1.792
2026-04-10T16:00:00+08:00,16,0.168208,0.172751,0.110607,0.8266,2.2365
2026-04-10T17:00:00+08:00,17,0.115865,0.124596,0.078678,1.0613,2.9059
2026-04-10T18:00:00+08:00,18,0.034934,0.050139,0.02931,1.892,5.4092
2026-04-10T19:00:00+08:00,19,0.003932,0.021617,0.010399,2.702,8.0732
2026-04-10T20:00:00+08:00,20,0.0,0.018,0.008,2.8571,8.6111
2026-04-10T21:00:00+08:00,21,0.0,0.018,0.008,2.8571,8.6111
2026-04-10T22:00:00+08:00,22,0.0,0.018,0.008,2.8571,8.6111
2026-04-10T23:00:00+08:00,23,0.0,0.018,0.008,2.8571,8.6111
2026-04-11T00:00:00+08:00,0,0.0,0.018,0.008,2.8571,8.6111
2026-04-11T01:00:00+08:00,1,0.0,0.018,0.008,2.8571,8.6111
2026-04-11T02:00:00+08:00,2,0.0,0.018,0.008,2.8571,8.6111
2026-04-11T03:00:00+08:00,3,0.0,0.018,0.008,2.8571,8.6111
2026-04-11T04:00:00+08:00,4,0.0,0.018,0.008,2.8571,8.6111
2026-04-11T05:00:00+08:00,5,0.0,0.018,0.008,2.8571,8.6111
2026-04-11T06:00:00+08:00,6,0.000611,0.018562,0.008373,2.8319,8.5229
2026-04-11T07:00:00+08:00,7,0.013436,0.030362,0.016196,2.3885,7.0142
2026-04-11T08:00:00+08:00,8,0.053951,0.067635,0.04091,1.5981,4.4986
2026-04-11T09:00:00+08:00,9,0.111245,0.120346,0.07586,1.0886,2.9848
2026-04-11T10:00:00+08:00,10,0.14087,0.1476,0.093931,0.9346,2.5424
2026-04-11T11:00:00+08:00,11,0.186459,0.189542,0.12174,0.7675,2.0703
2026-04-11T12:00:00+08:00,12,0.194685,0.19711,0.126758,0.7435,2.0031
2026-04-11T13:00:00+08:00,13,0.203964,0.205647,0.132418,0.7181,1.9325
2026-04-11T14:00:00+08:00,14,0.186388,0.189477,0.121697,0.7677,2.0709
2026-04-11T15:00:00+08:00,15,0.149944,0.155949,0.099466,0.8958,2.432
2026-04-11T16:00:00+08:00,16,0.10407,0.113745,0.071483,1.1339,3.1161
2026-04-11T17:00:00+08:00,17,0.079055,0.09073,0.056223,1.3262,3.6807
2026-04-11T18:00:00+08:00,18,0.031753,0.047213,0.027369,1.952,5.5988
2026-04-11T19:00:00+08:00,19,0.00405,0.021726,0.01047,2.6976,8.0581
2026-04-11T20:00:00+08:00,20,0.0,0.018,0.008,2.8571,8.6111
2026-04-11T21:00:00+08:00,21,0.0,0.018,0.008,2.8571,8.6111
2026-04-11T22:00:00+08:00,22,0.0,0.018,0.008,2.8571,8.6111
2026-04-11T23:00:00+08:00,23,0.0,0.018,0.008,2.8571,8.6111
2026-04-12T00:00:00+08:00,0,0.0,0.018,0.008,2.8571,8.6111
2026-04-12T01:00:00+08:00,1,0.0,0.018,0.008,2.8571,8.6111
2026-04-12T02:00:00+08:00,2,0.0,0.018,0.008,2.8571,8.6111
2026-04-12T03:00:00+08:00,3,0.0,0.018,0.008,2.8571,8.6111
2026-04-12T04:00:00+08:00,4,0.0,0.018,0.008,2.8571,8.6111
2026-04-12T05:00:00+08:00,5,0.0,0.018,0.008,2.8571,8.6111
2026-04-12T06:00:00+08:00,6,0.000341,0.018314,0.008208,2.843,8.5617
2026-04-12T07:00:00+08:00,7,0.01083,0.027964,0.014606,2.467,7.2759
2026-04-12T08:00:00+08:00,8,0.041574,0.056248,0.03336,1.7778,5.0521
2026-04-12T09:00:00+08:00,9,0.086546,0.097622,0.060793,1.2621,3.4913
2026-04-12T10:00:00+08:00,10,0.096416,0.106703,0.066814,1.1865,3.2696
2026-04-12T11:00:00+08:00,11,0.150576,0.15653,0.099851,0.8932,2.4247
2026-04-12T12:00:00+08:00,12,0.15844,0.163765,0.104648,0.8622,2.337
2026-04-12T13:00:00+08:00,13,0.166037,0.170754,0.109282,0.8343,2.2581
2026-04-12T14:00:00+08:00,14,0.172855,0.177026,0.113441,0.8107,2.1917
2026-04-12T15:00:00+08:00,15,0.131549,0.139025,0.088245,0.9781,2.6668
2026-04-12T16:00:00+08:00,16,0.104198,0.113862,0.071561,1.1331,3.1137
2026-04-12T17:00:00+08:00,17,0.076422,0.088309,0.054618,1.3503,3.7522
2026-04-12T18:00:00+08:00,18,0.024468,0.040511,0.022925,2.105,6.0873
2026-04-12T19:00:00+08:00,19,0.004244,0.021905,0.010589,2.6904,8.0334
2026-04-12T20:00:00+08:00,20,0.0,0.018,0.008,2.8571,8.6111
2026-04-12T21:00:00+08:00,21,0.0,0.018,0.008,2.8571,8.6111
2026-04-12T22:00:00+08:00,22,0.0,0.018,0.008,2.8571,8.6111
2026-04-12T23:00:00+08:00,23,0.0,0.018,0.008,2.8571,8.6111
2026-04-13T00:00:00+08:00,0,0.0,0.018,0.008,2.8571,8.6111
2026-04-13T01:00:00+08:00,1,0.0,0.018,0.008,2.8571,8.6111
2026-04-13T02:00:00+08:00,2,0.0,0.018,0.008,2.8571,8.6111
2026-04-13T03:00:00+08:00,3,0.0,0.018,0.008,2.8571,8.6111
2026-04-13T04:00:00+08:00,4,0.0,0.018,0.008,2.8571,8.6111
2026-04-13T05:00:00+08:00,5,0.0,0.018,0.008,2.8571,8.6111
2026-04-13T06:00:00+08:00,6,0.0004,0.018368,0.008244,2.8406,8.5532
2026-04-13T07:00:00+08:00,7,0.007792,0.025169,0.012753,2.5653,7.6068
2026-04-13T08:00:00+08:00,8,0.036199,0.051303,0.030082,1.8691,5.3373
2026-04-13T09:00:00+08:00,9,0.07438,0.08643,0.053372,1.3695,3.8097
2026-04-13T10:00:00+08:00,10,0.109426,0.118672,0.07475,1.0998,3.017
2026-04-13T11:00:00+08:00,11,0.148386,0.154516,0.098516,0.9022,2.4503
2026-04-13T12:00:00+08:00,12,0.156325,0.161819,0.103358,0.8703,2.36
2026-04-13T13:00:00+08:00,13,0.171207,0.17551,0.112436,0.8163,2.2074
2026-04-13T14:00:00+08:00,14,0.199498,0.201538,0.129694,0.7301,1.9658
2026-04-13T15:00:00+08:00,15,0.135578,0.142732,0.090703,0.9588,2.6116
2026-04-13T16:00:00+08:00,16,0.116207,0.124911,0.078887,1.0594,2.9003
2026-04-13T17:00:00+08:00,17,0.069388,0.081837,0.050327,1.4191,3.9578
2026-04-13T18:00:00+08:00,18,0.035095,0.050288,0.029408,1.889,5.3999
2026-04-13T19:00:00+08:00,19,0.004385,0.022035,0.010675,2.6852,8.0155
2026-04-13T20:00:00+08:00,20,0.0,0.018,0.008,2.8571,8.6111
2026-04-13T21:00:00+08:00,21,0.0,0.018,0.008,2.8571,8.6111
2026-04-13T22:00:00+08:00,22,0.0,0.018,0.008,2.8571,8.6111
2026-04-13T23:00:00+08:00,23,0.0,0.018,0.008,2.8571,8.6111
2026-04-14T00:00:00+08:00,0,0.0,0.018,0.008,2.8571,8.6111
2026-04-14T01:00:00+08:00,1,0.0,0.018,0.008,2.8571,8.6111
2026-04-14T02:00:00+08:00,2,0.0,0.018,0.008,2.8571,8.6111
2026-04-14T03:00:00+08:00,3,0.0,0.018,0.008,2.8571,8.6111
2026-04-14T04:00:00+08:00,4,0.0,0.018,0.008,2.8571,8.6111
2026-04-14T05:00:00+08:00,5,0.0,0.018,0.008,2.8571,8.6111
2026-04-14T06:00:00+08:00,6,0.000311,0.018286,0.00819,2.8442,8.566
2026-04-14T07:00:00+08:00,7,0.011078,0.028191,0.014757,2.4593,7.2502
2026-04-14T08:00:00+08:00,8,0.0428,0.057376,0.034108,1.7582,4.9913
2026-04-14T09:00:00+08:00,9,0.072918,0.085084,0.05248,1.3837,3.8519
2026-04-14T10:00:00+08:00,10,0.107289,0.116706,0.073447,1.1131,3.0558
2026-04-14T11:00:00+08:00,11,0.148426,0.154552,0.09854,0.902,2.4498
2026-04-14T12:00:00+08:00,12,0.169598,0.17403,0.111455,0.8218,2.2229
2026-04-14T13:00:00+08:00,13,0.209807,0.211022,0.135982,0.7031,1.8905
2026-04-14T14:00:00+08:00,14,0.217185,0.21781,0.140483,0.6849,1.8399
2026-04-14T15:00:00+08:00,15,0.169625,0.174055,0.111471,0.8217,2.2227
2026-04-14T16:00:00+08:00,16,0.137931,0.144896,0.092138,0.9479,2.5804
2026-04-14T17:00:00+08:00,17,0.088343,0.099275,0.061889,1.2476,3.4487
2026-04-14T18:00:00+08:00,18,0.034078,0.049351,0.028787,1.9078,5.459
2026-04-14T19:00:00+08:00,19,0.004533,0.022171,0.010765,2.6797,7.9968
2026-04-14T20:00:00+08:00,20,0.0,0.018,0.008,2.8571,8.6111
2026-04-14T21:00:00+08:00,21,0.0,0.018,0.008,2.8571,8.6111
2026-04-14T22:00:00+08:00,22,0.0,0.018,0.008,2.8571,8.6111
2026-04-14T23:00:00+08:00,23,0.0,0.018,0.008,2.8571,8.6111
2026-04-15T00:00:00+08:00,0,0.0,0.018,0.008,2.8571,8.6111
2026-04-15T01:00:00+08:00,1,0.0,0.018,0.008,2.8571,8.6111
2026-04-15T02:00:00+08:00,2,0.0,0.018,0.008,2.8571,8.6111
2026-04-15T03:00:00+08:00,3,0.0,0.018,0.008,2.8571,8.6111
2026-04-15T04:00:00+08:00,4,0.0,0.018,0.008,2.8571,8.6111
2026-04-15T05:00:00+08:00,5,0.0,0.018,0.008,2.8571,8.6111
2026-04-15T06:00:00+08:00,6,0.001097,0.019009,0.008669,2.8121,8.454
2026-04-15T07:00:00+08:00,7,0.02107,0.037384,0.020853,2.1849,6.3456
2026-04-15T08:00:00+08:00,8,0.075292,0.087269,0.053928,1.3609,3.7838
2026-04-15T09:00:00+08:00,9,0.140943,0.147667,0.093975,0.9343,2.5415
2026-04-15T10:00:00+08:00,10,0.143579,0.150093,0.095583,0.9226,2.5084
2026-04-15T11:00:00+08:00,11,0.22791,0.227678,0.147025,0.6601,1.7712
2026-04-15T12:00:00+08:00,12,0.244454,0.242898,0.157117,0.6252,1.6746
2026-04-15T13:00:00+08:00,13,0.238907,0.237794,0.153733,0.6365,1.7058
2026-04-15T14:00:00+08:00,14,0.248891,0.24698,0.159823,0.6165,1.6505
2026-04-15T15:00:00+08:00,15,0.202092,0.203924,0.131276,0.7231,1.9463
2026-04-15T16:00:00+08:00,16,0.150499,0.156459,0.099804,0.8935,2.4256
2026-04-15T17:00:00+08:00,17,0.097461,0.107664,0.067451,1.1791,3.2477
2026-04-15T18:00:00+08:00,18,0.028019,0.043778,0.025092,2.0275,5.839
2026-04-15T19:00:00+08:00,19,0.004686,0.022311,0.010858,2.6742,7.9777
2026-04-15T20:00:00+08:00,20,0.0,0.018,0.008,2.8571,8.6111
2026-04-15T21:00:00+08:00,21,0.0,0.018,0.008,2.8571,8.6111
2026-04-15T22:00:00+08:00,22,0.0,0.018,0.008,2.8571,8.6111
2026-04-15T23:00:00+08:00,23,0.0,0.018,0.008,2.8571,8.6111
2026-04-16T00:00:00+08:00,0,0.0,0.018,0.008,2.8571,8.6111
2026-04-16T01:00:00+08:00,1,0.0,0.018,0.008,2.8571,8.6111
2026-04-16T02:00:00+08:00,2,0.0,0.018,0.008,2.8571,8.6111
2026-04-16T03:00:00+08:00,3,0.0,0.018,0.008,2.8571,8.6111
2026-04-16T04:00:00+08:00,4,0.0,0.018,0.008,2.8571,8.6111
2026-04-16T05:00:00+08:00,5,0.0,0.018,0.008,2.8571,8.6111
2026-04-16T06:00:00+08:00,6,0.001017,0.018936,0.008621,2.8153,8.4652
2026-04-16T07:00:00+08:00,7,0.013421,0.030348,0.016187,2.3889,7.0156
2026-04-16T08:00:00+08:00,8,0.050609,0.06456,0.038872,1.6429,4.6358
2026-04-16T09:00:00+08:00,9,0.113662,0.122569,0.077334,1.0742,2.943
2026-04-16T10:00:00+08:00,10,0.160236,0.165417,0.105744,0.8554,2.3179
2026-04-16T11:00:00+08:00,11,0.194165,0.196631,0.12644,0.7449,2.0072
2026-04-16T12:00:00+08:00,12,0.151625,0.157495,0.100491,0.8889,2.4126
2026-04-16T13:00:00+08:00,13,0.154854,0.160466,0.102461,0.8761,2.3762
2026-04-16T14:00:00+08:00,14,0.126345,0.134237,0.085071,1.0043,2.7417
2026-04-16T15:00:00+08:00,15,0.096108,0.106419,0.066626,1.1888,3.2761
2026-04-16T16:00:00+08:00,16,0.077412,0.089219,0.055221,1.3411,3.725
2026-04-16T17:00:00+08:00,17,0.058759,0.072058,0.043843,1.5377,4.315
2026-04-16T18:00:00+08:00,18,0.026184,0.042089,0.023972,2.0669,5.9648
2026-04-16T19:00:00+08:00,19,0.00466,0.022287,0.010843,2.6751,7.9809
2026-04-16T20:00:00+08:00,20,0.0,0.018,0.008,2.8571,8.6111
2026-04-16T21:00:00+08:00,21,0.0,0.018,0.008,2.8571,8.6111
2026-04-16T22:00:00+08:00,22,0.0,0.018,0.008,2.8571,8.6111
2026-04-16T23:00:00+08:00,23,0.0,0.018,0.008,2.8571,8.6111
2026-04-17T00:00:00+08:00,0,0.0,0.018,0.008,2.8571,8.6111
2026-04-17T01:00:00+08:00,1,0.0,0.018,0.008,2.8571,8.6111
2026-04-17T02:00:00+08:00,2,0.0,0.018,0.008,2.8571,8.6111
2026-04-17T03:00:00+08:00,3,0.0,0.018,0.008,2.8571,8.6111
2026-04-17T04:00:00+08:00,4,0.0,0.018,0.008,2.8571,8.6111
2026-04-17T05:00:00+08:00,5,0.0,0.018,0.008,2.8571,8.6111
2026-04-17T06:00:00+08:00,6,0.001144,0.019053,0.008698,2.8102,8.4473
2026-04-17T07:00:00+08:00,7,0.01572,0.032463,0.017589,2.3237,6.7998
2026-04-17T08:00:00+08:00,8,0.051473,0.065355,0.039399,1.6311,4.5995
2026-04-17T09:00:00+08:00,9,0.097923,0.108089,0.067733,1.1758,3.2382
2026-04-17T10:00:00+08:00,10,0.118851,0.127343,0.080499,1.0444,2.8572
2026-04-17T11:00:00+08:00,11,0.183307,0.186642,0.119817,0.7771,2.0972
2026-04-17T12:00:00+08:00,12,0.217932,0.218497,0.140938,0.6831,1.835
2026-04-17T13:00:00+08:00,13,0.191724,0.194386,0.124952,0.7519,2.0268
2026-04-17T14:00:00+08:00,14,0.240344,0.239116,0.15461,0.6335,1.6976
2026-04-17T15:00:00+08:00,15,0.194491,0.196932,0.126639,0.744,2.0047
2026-04-17T16:00:00+08:00,16,0.152129,0.157958,0.100798,0.8869,2.4069
2026-04-17T17:00:00+08:00,17,0.101869,0.11172,0.07014,1.1485,3.1587
2026-04-17T18:00:00+08:00,18,0.039573,0.054407,0.03214,1.8107,5.1547
2026-04-17T19:00:00+08:00,19,0.005006,0.022606,0.011054,2.6625,7.9377
2026-04-17T20:00:00+08:00,20,0.0,0.018,0.008,2.8571,8.6111
2026-04-17T21:00:00+08:00,21,0.0,0.018,0.008,2.8571,8.6111
2026-04-17T22:00:00+08:00,22,0.0,0.018,0.008,2.8571,8.6111
2026-04-17T23:00:00+08:00,23,0.0,0.018,0.008,2.8571,8.6111
2026-04-18T00:00:00+08:00,0,0.0,0.018,0.008,2.8571,8.6111
2026-04-18T01:00:00+08:00,1,0.0,0.018,0.008,2.8571,8.6111
2026-04-18T02:00:00+08:00,2,0.0,0.018,0.008,2.8571,8.6111
2026-04-18T03:00:00+08:00,3,0.0,0.018,0.008,2.8571,8.6111
2026-04-18T04:00:00+08:00,4,0.0,0.018,0.008,2.8571,8.6111
2026-04-18T05:00:00+08:00,5,0.0,0.018,0.008,2.8571,8.6111
2026-04-18T06:00:00+08:00,6,0.000922,0.018849,0.008563,2.8192,8.4786
2026-04-18T07:00:00+08:00,7,0.014989,0.03179,0.017143,2.3441,6.867
2026-04-18T08:00:00+08:00,8,0.0477,0.061884,0.037097,1.6841,4.7621
2026-04-18T09:00:00+08:00,9,0.09904,0.109117,0.068414,1.1679,3.2153
2026-04-18T10:00:00+08:00,10,0.166923,0.171569,0.109823,0.8311,2.2493
2026-04-18T11:00:00+08:00,11,0.222628,0.222817,0.143803,0.6721,1.8044
2026-04-18T12:00:00+08:00,12,0.23855,0.237466,0.153515,0.6372,1.7078
2026-04-18T13:00:00+08:00,13,0.24921,0.247273,0.160018,0.6159,1.6488
2026-04-18T14:00:00+08:00,14,0.284433,0.279678,0.181504,0.5544,1.4797
2026-04-18T15:00:00+08:00,15,0.20603,0.207547,0.133678,0.7127,1.9174
2026-04-18T16:00:00+08:00,16,0.179888,0.183497,0.117732,0.7878,2.1272
2026-04-18T17:00:00+08:00,17,0.116682,0.125347,0.079176,1.0567,2.8924
2026-04-18T18:00:00+08:00,18,0.036318,0.051412,0.030154,1.867,5.3307
2026-04-18T19:00:00+08:00,19,0.005122,0.022712,0.011124,2.6583,7.9234
2026-04-18T20:00:00+08:00,20,0.0,0.018,0.008,2.8571,8.6111
2026-04-18T21:00:00+08:00,21,0.0,0.018,0.008,2.8571,8.6111
2026-04-18T22:00:00+08:00,22,0.0,0.018,0.008,2.8571,8.6111
2026-04-18T23:00:00+08:00,23,0.0,0.018,0.008,2.8571,8.6111
2026-04-19T00:00:00+08:00,0,0.0,0.018,0.008,2.8571,8.6111
2026-04-19T01:00:00+08:00,1,0.0,0.018,0.008,2.8571,8.6111
2026-04-19T02:00:00+08:00,2,0.0,0.018,0.008,2.8571,8.6111
2026-04-19T03:00:00+08:00,3,0.0,0.018,0.008,2.8571,8.6111
2026-04-19T04:00:00+08:00,4,0.0,0.018,0.008,2.8571,8.6111
2026-04-19T05:00:00+08:00,5,0.0,0.018,0.008,2.8571,8.6111
2026-04-19T06:00:00+08:00,6,0.001849,0.019701,0.009128,2.782,8.3496
2026-04-19T07:00:00+08:00,7,0.024701,0.040725,0.023068,2.0997,6.0704
2026-04-19T08:00:00+08:00,8,0.080203,0.091787,0.056924,1.3159,3.6503
2026-04-19T09:00:00+08:00,9,0.149471,0.155514,0.099178,0.8977,2.4375
2026-04-19T10:00:00+08:00,10,0.220875,0.221205,0.142734,0.6762,1.8157
2026-04-19T11:00:00+08:00,11,0.265929,0.262655,0.170217,0.5851,1.5639
2026-04-19T12:00:00+08:00,12,0.267074,0.263708,0.170915,0.5831,1.5585
2026-04-19T13:00:00+08:00,13,0.225498,0.225458,0.145553,0.6655,1.7862
2026-04-19T14:00:00+08:00,14,0.215936,0.216661,0.139721,0.6879,1.8483
2026-04-19T15:00:00+08:00,15,0.18793,0.190895,0.122637,0.7631,2.0579
2026-04-19T16:00:00+08:00,16,0.129729,0.13735,0.087135,0.9871,2.6925
2026-04-19T17:00:00+08:00,17,0.09399,0.104471,0.065334,1.2042,3.3214
2026-04-19T18:00:00+08:00,18,0.029544,0.04518,0.026022,1.996,5.7384
2026-04-19T19:00:00+08:00,19,0.003138,0.020887,0.009914,2.732,8.1764
2026-04-19T20:00:00+08:00,20,0.0,0.018,0.008,2.8571,8.6111
2026-04-19T21:00:00+08:00,21,0.0,0.018,0.008,2.8571,8.6111
2026-04-19T22:00:00+08:00,22,0.0,0.018,0.008,2.8571,8.6111
2026-04-19T23:00:00+08:00,23,0.0,0.018,0.008,2.8571,8.6111
2026-04-20T00:00:00+08:00,0,0.0,0.018,0.008,2.8571,8.6111
2026-04-20T01:00:00+08:00,1,0.0,0.018,0.008,2.8571,8.6111
2026-04-20T02:00:00+08:00,2,0.0,0.018,0.008,2.8571,8.6111
2026-04-20T03:00:00+08:00,3,0.0,0.018,0.008,2.8571,8.6111
2026-04-20T04:00:00+08:00,4,0.0,0.018,0.008,2.8571,8.6111
2026-04-20T05:00:00+08:00,5,0.0,0.018,0.008,2.8571,8.6111
2026-04-20T06:00:00+08:00,6,0.001755,0.019615,0.009071,2.7857,8.3624
2026-04-20T07:00:00+08:00,7,0.021496,0.037777,0.021113,2.1745,6.312
2026-04-20T08:00:00+08:00,8,0.078393,0.090121,0.05582,1.3321,3.6984
2026-04-20T09:00:00+08:00,9,0.123683,0.131788,0.083446,1.0182,2.7816
2026-04-20T10:00:00+08:00,10,0.171257,0.175556,0.112467,0.8161,2.2069
2026-04-20T11:00:00+08:00,11,0.205512,0.207071,0.133362,0.7141,1.9211
2026-04-20T12:00:00+08:00,12,0.265638,0.262387,0.170039,0.5856,1.5653
2026-04-20T13:00:00+08:00,13,0.262059,0.259094,0.167856,0.5919,1.5828
2026-04-20T14:00:00+08:00,14,0.239834,0.238647,0.154299,0.6346,1.7005
2026-04-20T15:00:00+08:00,15,0.188003,0.190962,0.122682,0.7628,2.0573
2026-04-20T16:00:00+08:00,16,0.152775,0.158553,0.101193,0.8843,2.3995
2026-04-20T17:00:00+08:00,17,0.106378,0.115868,0.07289,1.1189,3.0726
2026-04-20T18:00:00+08:00,18,0.037411,0.052418,0.030821,1.8477,5.2702
2026-04-20T19:00:00+08:00,19,0.005522,0.02308,0.011368,2.644,7.8744
2026-04-20T20:00:00+08:00,20,0.0,0.018,0.008,2.8571,8.6111
2026-04-20T21:00:00+08:00,21,0.0,0.018,0.008,2.8571,8.6111
2026-04-20T22:00:00+08:00,22,0.0,0.018,0.008,2.8571,8.6111
2026-04-20T23:00:00+08:00,23,0.0,0.018,0.008,2.8571,8.6111
2026-04-21T00:00:00+08:00,0,0.0,0.018,0.008,2.8571,8.6111
2026-04-21T01:00:00+08:00,1,0.0,0.018,0.008,2.8571,8.6111
2026-04-21T02:00:00+08:00,2,0.0,0.018,0.008,2.8571,8.6111
2026-04-21T03:00:00+08:00,3,0.0,0.018,0.008,2.8571,8.6111
2026-04-21T04:00:00+08:00,4,0.0,0.018,0.008,2.8571,8.6111
2026-04-21T05:00:00+08:00,5,0.0,0.018,0.008,2.8571,8.6111
2026-04-21T06:00:00+08:00,6,0.001315,0.01921,0.008802,2.8033,8.4234
2026-04-21T07:00:00+08:00,7,0.014587,0.03142,0.016898,2.3554,6.9046
2026-04-21T08:00:00+08:00,8,0.043382,0.057911,0.034463,1.7491,4.9629
2026-04-21T09:00:00+08:00,9,0.080528,0.092086,0.057122,1.313,3.6418
2026-04-21T10:00:00+08:00,10,0.140415,0.147182,0.093653,0.9366,2.5482
2026-04-21T11:00:00+08:00,11,0.153351,0.159083,0.101544,0.882,2.393
2026-04-21T12:00:00+08:00,12,0.200808,0.202743,0.130493,0.7266,1.9559
2026-04-21T13:00:00+08:00,13,0.195535,0.197892,0.127276,0.7411,1.9964
2026-04-21T14:00:00+08:00,14,0.159326,0.16458,0.105189,0.8589,2.3275
2026-04-21T15:00:00+08:00,15,0.133281,0.140619,0.089301,0.9697,2.6428
2026-04-21T16:00:00+08:00,16,0.110579,0.119732,0.075453,1.0927,2.9965
2026-04-21T17:00:00+08:00,17,0.066144,0.078852,0.048348,1.4533,4.0604
2026-04-21T18:00:00+08:00,18,0.032194,0.047619,0.027639,1.9434,5.5717
2026-04-21T19:00:00+08:00,19,0.00484,0.022452,0.010952,2.6685,7.9585
2026-04-21T20:00:00+08:00,20,0.0,0.018,0.008,2.8571,8.6111
2026-04-21T21:00:00+08:00,21,0.0,0.018,0.008,2.8571,8.6111
2026-04-21T22:00:00+08:00,22,0.0,0.018,0.008,2.8571,8.6111
2026-04-21T23:00:00+08:00,23,0.0,0.018,0.008,2.8571,8.6111
2026-04-22T00:00:00+08:00,0,0.0,0.018,0.008,2.8571,8.6111
2026-04-22T01:00:00+08:00,1,0.0,0.018,0.008,2.8571,8.6111
2026-04-22T02:00:00+08:00,2,0.0,0.018,0.008,2.8571,8.6111
2026-04-22T03:00:00+08:00,3,0.0,0.018,0.008,2.8571,8.6111
2026-04-22T04:00:00+08:00,4,0.0,0.018,0.008,2.8571,8.6111
2026-04-22T05:00:00+08:00,5,0.0,0.018,0.008,2.8571,8.6111
2026-04-22T06:00:00+08:00,6,0.000921,0.018847,0.008562,2.8192,8.4788
2026-04-22T07:00:00+08:00,7,0.014374,0.031224,0.016768,2.3615,6.9245
2026-04-22T08:00:00+08:00,8,0.041883,0.056532,0.033549,1.7728,5.0367
2026-04-22T09:00:00+08:00,9,0.091741,0.102402,0.063962,1.2212,3.371
2026-04-22T10:00:00+08:00,10,0.130345,0.137917,0.08751,0.9841,2.6837
2026-04-22T11:00:00+08:00,11,0.149484,0.155525,0.099185,0.8976,2.4374
2026-04-22T12:00:00+08:00,12,0.172986,0.177147,0.113522,0.8103,2.1905
2026-04-22T13:00:00+08:00,13,0.157055,0.162491,0.103804,0.8675,2.352
2026-04-22T14:00:00+08:00,14,0.175201,0.179185,0.114873,0.8029,2.1698
2026-04-22T15:00:00+08:00,15,0.141826,0.14848,0.094514,0.9303,2.5303
2026-04-22T16:00:00+08:00,16,0.105238,0.114819,0.072195,1.1263,3.094
2026-04-22T17:00:00+08:00,17,0.067083,0.079716,0.048921,1.4433,4.0301
2026-04-22T18:00:00+08:00,18,0.023971,0.040053,0.022622,2.1163,6.1238
2026-04-22T19:00:00+08:00,19,0.002961,0.020724,0.009806,2.7387,8.1998
2026-04-22T20:00:00+08:00,20,0.0,0.018,0.008,2.8571,8.6111
2026-04-22T21:00:00+08:00,21,0.0,0.018,0.008,2.8571,8.6111
2026-04-22T22:00:00+08:00,22,0.0,0.018,0.008,2.8571,8.6111
2026-04-22T23:00:00+08:00,23,0.0,0.018,0.008,2.8571,8.6111
2026-04-23T00:00:00+08:00,0,0.0,0.018,0.008,2.8571,8.6111
2026-04-23T01:00:00+08:00,1,0.0,0.018,0.008,2.8571,8.6111
2026-04-23T02:00:00+08:00,2,0.0,0.018,0.008,2.8571,8.6111
2026-04-23T03:00:00+08:00,3,0.0,0.018,0.008,2.8571,8.6111
2026-04-23T04:00:00+08:00,4,0.0,0.018,0.008,2.8571,8.6111
2026-04-23T05:00:00+08:00,5,0.0,0.018,0.008,2.8571,8.6111
2026-04-23T06:00:00+08:00,6,0.001281,0.019179,0.008782,2.8047,8.4281
2026-04-23T07:00:00+08:00,7,0.016428,0.033114,0.018021,2.3043,6.736
2026-04-23T08:00:00+08:00,8,0.058237,0.071578,0.043525,1.544,4.3342
2026-04-23T09:00:00+08:00,9,0.091935,0.102581,0.064081,1.2197,3.3666
2026-04-23T10:00:00+08:00,10,0.121969,0.130212,0.082401,1.0273,2.8079
2026-04-23T11:00:00+08:00,11,0.16727,0.171888,0.110035,0.8299,2.2458
2026-04-23T12:00:00+08:00,12,0.170855,0.175187,0.112222,0.8175,2.2108
2026-04-23T13:00:00+08:00,13,0.195729,0.198071,0.127395,0.7405,1.9949
2026-04-23T14:00:00+08:00,14,0.179333,0.182986,0.117393,0.7895,2.1322
2026-04-23T15:00:00+08:00,15,0.149977,0.155979,0.099486,0.8956,2.4316
2026-04-23T16:00:00+08:00,16,0.113724,0.122626,0.077372,1.0738,2.942
2026-04-23T17:00:00+08:00,17,0.082895,0.094263,0.058566,1.2925,3.5811
2026-04-23T18:00:00+08:00,18,0.031898,0.047346,0.027458,1.9492,5.5898
2026-04-23T19:00:00+08:00,19,0.004485,0.022126,0.010736,2.6815,8.003
2026-04-23T20:00:00+08:00,20,0.0,0.018,0.008,2.8571,8.6111
2026-04-23T21:00:00+08:00,21,0.0,0.018,0.008,2.8571,8.6111
2026-04-23T22:00:00+08:00,22,0.0,0.018,0.008,2.8571,8.6111
2026-04-23T23:00:00+08:00,23,0.0,0.018,0.008,2.8571,8.6111
2026-04-24T00:00:00+08:00,0,0.0,0.018,0.008,2.8571,8.6111
2026-04-24T01:00:00+08:00,1,0.0,0.018,0.008,2.8571,8.6111
2026-04-24T02:00:00+08:00,2,0.0,0.018,0.008,2.8571,8.6111
2026-04-24T03:00:00+08:00,3,0.0,0.018,0.008,2.8571,8.6111
2026-04-24T04:00:00+08:00,4,0.0,0.018,0.008,2.8571,8.6111
2026-04-24T05:00:00+08:00,5,0.0,0.018,0.008,2.8571,8.6111
2026-04-24T06:00:00+08:00,6,0.002659,0.020447,0.009622,2.7503,8.2398
2026-04-24T07:00:00+08:00,7,0.027012,0.042851,0.024477,2.0489,5.9073
2026-04-24T08:00:00+08:00,8,0.064199,0.077063,0.047162,1.4746,4.1244
2026-04-24T09:00:00+08:00,9,0.139144,0.146013,0.092878,0.9423,2.5646
2026-04-24T10:00:00+08:00,10,0.203771,0.20547,0.132301,0.7186,1.9339
2026-04-24T11:00:00+08:00,11,0.234744,0.233964,0.151194,0.6452,1.73
2026-04-24T12:00:00+08:00,12,0.264387,0.261236,0.169276,0.5878,1.5714
2026-04-24T13:00:00+08:00,13,0.25944,0.256685,0.166258,0.5966,1.5958
2026-04-24T14:00:00+08:00,14,0.218799,0.219295,0.141467,0.6811,1.8293
2026-04-24T15:00:00+08:00,15,0.204071,0.205746,0.132484,0.7179,1.9317
2026-04-24T16:00:00+08:00,16,0.12047,0.128832,0.081487,1.0355,2.8314
2026-04-24T17:00:00+08:00,17,0.077462,0.089265,0.055252,1.3406,3.7236
2026-04-24T18:00:00+08:00,18,0.035885,0.051014,0.02989,1.8747,5.355
2026-04-24T19:00:00+08:00,19,0.005598,0.02315,0.011415,2.6412,7.865
2026-04-24T20:00:00+08:00,20,0.0,0.018,0.008,2.8571,8.6111
2026-04-24T21:00:00+08:00,21,0.0,0.018,0.008,2.8571,8.6111
2026-04-24T22:00:00+08:00,22,0.0,0.018,0.008,2.8571,8.6111
2026-04-24T23:00:00+08:00,23,0.0,0.018,0.008,2.8571,8.6111
2026-04-25T00:00:00+08:00,0,0.0,0.018,0.008,2.8571,8.6111
2026-04-25T01:00:00+08:00,1,0.0,0.018,0.008,2.8571,8.6111
2026-04-25T02:00:00+08:00,2,0.0,0.018,0.008,2.8571,8.6111
2026-04-25T03:00:00+08:00,3,0.0,0.018,0.008,2.8571,8.6111
2026-04-25T04:00:00+08:00,4,0.0,0.018,0.008,2.8571,8.6111
2026-04-25T05:00:00+08:00,5,0.0,0.018,0.008,2.8571,8.6111
2026-04-25T06:00:00+08:00,6,0.003242,0.020982,0.009977,2.728,8.1628
2026-04-25T07:00:00+08:00,7,0.035329,0.050502,0.02955,1.8848,5.3866
2026-04-25T08:00:00+08:00,8,0.096064,0.106379,0.066599,1.1891,3.277
2026-04-25T09:00:00+08:00,9,0.157564,0.162959,0.104114,0.8656,2.3465
2026-04-25T10:00:00+08:00,10,0.232237,0.231658,0.149665,0.6506,1.7449
2026-04-25T11:00:00+08:00,11,0.287157,0.282184,0.183165,0.5501,1.468
2026-04-25T12:00:00+08:00,12,0.297831,0.292005,0.189677,0.5341,1.4241
2026-04-25T13:00:00+08:00,13,0.301529,0.295407,0.191933,0.5288,1.4095
2026-04-25T14:00:00+08:00,14,0.27863,0.274339,0.177964,0.5637,1.5051
2026-04-25T15:00:00+08:00,15,0.237005,0.236045,0.152573,0.6405,1.7168
2026-04-25T16:00:00+08:00,16,0.173177,0.177323,0.113638,0.8096,2.1887
2026-04-25T17:00:00+08:00,17,0.104586,0.114219,0.071797,1.1305,3.1063
2026-04-25T18:00:00+08:00,18,0.042189,0.056814,0.033735,1.7679,5.0214
2026-04-25T19:00:00+08:00,19,0.006352,0.023844,0.011875,2.6146,7.7743
2026-04-25T20:00:00+08:00,20,0.0,0.018,0.008,2.8571,8.6111
2026-04-25T21:00:00+08:00,21,0.0,0.018,0.008,2.8571,8.6111
2026-04-25T22:00:00+08:00,22,0.0,0.018,0.008,2.8571,8.6111
2026-04-25T23:00:00+08:00,23,0.0,0.018,0.008,2.8571,8.6111
2026-04-26T00:00:00+08:00,0,0.0,0.018,0.008,2.8571,8.6111
2026-04-26T01:00:00+08:00,1,0.0,0.018,0.008,2.8571,8.6111
2026-04-26T02:00:00+08:00,2,0.0,0.018,0.008,2.8571,8.6111
2026-04-26T03:00:00+08:00,3,0.0,0.018,0.008,2.8571,8.6111
2026-04-26T04:00:00+08:00,4,0.0,0.018,0.008,2.8571,8.6111
2026-04-26T05:00:00+08:00,5,0.0,0.018,0.008,2.8571,8.6111
2026-04-26T06:00:00+08:00,6,0.003805,0.0215,0.010321,2.7067,8.0896
2026-04-26T07:00:00+08:00,7,0.036874,0.051924,0.030493,1.8571,5.2998
2026-04-26T08:00:00+08:00,8,0.095904,0.106231,0.066501,1.1902,3.2804
2026-04-26T09:00:00+08:00,9,0.161047,0.166163,0.106239,0.8524,2.3093
2026-04-26T10:00:00+08:00,10,0.227909,0.227676,0.147024,0.6601,1.7712
2026-04-26T11:00:00+08:00,11,0.267141,0.263769,0.170956,0.583,1.5581
2026-04-26T12:00:00+08:00,12,0.28795,0.282914,0.183649,0.5489,1.4647
2026-04-26T13:00:00+08:00,13,0.303103,0.296855,0.192893,0.5265,1.4034
2026-04-26T14:00:00+08:00,14,0.301157,0.295064,0.191705,0.5293,1.411
2026-04-26T15:00:00+08:00,15,0.216407,0.217094,0.140008,0.6868,1.8451
2026-04-26T16:00:00+08:00,16,0.189594,0.192427,0.123653,0.7581,2.0441
2026-04-26T17:00:00+08:00,17,0.114248,0.123108,0.077691,1.0707,2.9331
2026-04-26T18:00:00+08:00,18,0.041615,0.056285,0.033385,1.7772,5.0501
2026-04-26T19:00:00+08:00,19,0.005613,0.023164,0.011424,2.6407,7.8632
2026-04-26T20:00:00+08:00,20,0.0,0.018,0.008,2.8571,8.6111
2026-04-26T21:00:00+08:00,21,0.0,0.018,0.008,2.8571,8.6111
2026-04-26T22:00:00+08:00,22,0.0,0.018,0.008,2.8571,8.6111
2026-04-26T23:00:00+08:00,23,0.0,0.018,0.008,2.8571,8.6111
2026-04-27T00:00:00+08:00,0,0.0,0.018,0.008,2.8571,8.6111
2026-04-27T01:00:00+08:00,1,0.0,0.018,0.008,2.8571,8.6111
2026-04-27T02:00:00+08:00,2,0.0,0.018,0.008,2.8571,8.6111
2026-04-27T03:00:00+08:00,3,0.0,0.018,0.008,2.8571,8.6111
2026-04-27T04:00:00+08:00,4,0.0,0.018,0.008,2.8571,8.6111
2026-04-27T05:00:00+08:00,5,0.0,0.018,0.008,2.8571,8.6111
2026-04-27T06:00:00+08:00,6,0.003589,0.021301,0.010189,2.7149,8.1175
2026-04-27T07:00:00+08:00,7,0.03154,0.047017,0.027239,1.9562,5.6119
2026-04-27T08:00:00+08:00,8,0.082265,0.093683,0.058181,1.2979,3.5971
2026-04-27T09:00:00+08:00,9,0.140094,0.146886,0.093457,0.9381,2.5523
2026-04-27T10:00:00+08:00,10,0.187109,0.19014,0.122137,0.7655,2.0648
2026-04-27T11:00:00+08:00,11,0.234271,0.233529,0.150905,0.6463,1.7328
2026-04-27T12:00:00+08:00,12,0.255156,0.252744,0.163645,0.6045,1.6176
2026-04-27T13:00:00+08:00,13,0.235762,0.234901,0.151815,0.6431,1.724
2026-04-27T14:00:00+08:00,14,0.199231,0.201293,0.129531,0.7308,1.9679
2026-04-27T15:00:00+08:00,15,0.188081,0.191034,0.122729,0.7626,2.0567
2026-04-27T16:00:00+08:00,16,0.149682,0.155708,0.099306,0.8968,2.4351
2026-04-27T17:00:00+08:00,17,0.081457,0.09294,0.057689,1.3049,3.6177
2026-04-27T18:00:00+08:00,18,0.025284,0.041261,0.023423,2.0867,6.0284
2026-04-27T19:00:00+08:00,19,0.002318,0.020132,0.009414,2.7636,8.2857
2026-04-27T20:00:00+08:00,20,0.0,0.018,0.008,2.8571,8.6111
2026-04-27T21:00:00+08:00,21,0.0,0.018,0.008,2.8571,8.6111
2026-04-27T22:00:00+08:00,22,0.0,0.018,0.008,2.8571,8.6111
2026-04-27T23:00:00+08:00,23,0.0,0.018,0.008,2.8571,8.6111
2026-04-28T00:00:00+08:00,0,0.0,0.018,0.008,2.8571,8.6111
2026-04-28T01:00:00+08:00,1,0.0,0.018,0.008,2.8571,8.6111
2026-04-28T02:00:00+08:00,2,0.0,0.018,0.008,2.8571,8.6111
2026-04-28T03:00:00+08:00,3,0.0,0.018,0.008,2.8571,8.6111
2026-04-28T04:00:00+08:00,4,0.0,0.018,0.008,2.8571,8.6111
2026-04-28T05:00:00+08:00,5,0.0,0.018,0.008,2.8571,8.6111
2026-04-28T06:00:00+08:00,6,0.001051,0.018967,0.008641,2.8139,8.4604
2026-04-28T07:00:00+08:00,7,0.015199,0.031984,0.017272,2.3382,6.8475
2026-04-28T08:00:00+08:00,8,0.044754,0.059174,0.0353,1.7279,4.8973
2026-04-28T09:00:00+08:00,9,0.088019,0.098978,0.061692,1.2502,3.4563
2026-04-28T10:00:00+08:00,10,0.137075,0.144109,0.091616,0.9518,2.5916
2026-04-28T11:00:00+08:00,11,0.177088,0.180921,0.116024,0.7967,2.1524
2026-04-28T12:00:00+08:00,12,0.185056,0.188251,0.120884,0.7717,2.0822
2026-04-28T13:00:00+08:00,13,0.147452,0.153656,0.097946,0.9061,2.4614
2026-04-28T14:00:00+08:00,14,0.126553,0.134428,0.085197,1.0032,2.7386
2026-04-28T15:00:00+08:00,15,0.119884,0.128293,0.081129,1.0387,2.8407
2026-04-28T16:00:00+08:00,16,0.099949,0.109953,0.068969,1.1616,3.1969
2026-04-28T17:00:00+08:00,17,0.071457,0.08374,0.051589,1.3982,3.895
2026-04-28T18:00:00+08:00,18,0.027515,0.043313,0.024784,2.0382,5.873
2026-04-28T19:00:00+08:00,19,0.004538,0.022175,0.010768,2.6796,7.9962
2026-04-28T20:00:00+08:00,20,0.0,0.018,0.008,2.8571,8.6111
2026-04-28T21:00:00+08:00,21,0.0,0.018,0.008,2.8571,8.6111
2026-04-28T22:00:00+08:00,22,0.0,0.018,0.008,2.8571,8.6111
2026-04-28T23:00:00+08:00,23,0.0,0.018,0.008,2.8571,8.6111
2026-04-29T00:00:00+08:00,0,0.0,0.018,0.008,2.8571,8.6111
2026-04-29T01:00:00+08:00,1,0.0,0.018,0.008,2.8571,8.6111
2026-04-29T02:00:00+08:00,2,0.0,0.018,0.008,2.8571,8.6111
2026-04-29T03:00:00+08:00,3,0.0,0.018,0.008,2.8571,8.6111
2026-04-29T04:00:00+08:00,4,0.0,0.018,0.008,2.8571,8.6111
2026-04-29T05:00:00+08:00,5,0.0,0.018,0.008,2.8571,8.6111
2026-04-29T06:00:00+08:00,6,0.001481,0.019363,0.008904,2.7966,8.4003
2026-04-29T07:00:00+08:00,7,0.015067,0.031862,0.017191,2.3419,6.8597
2026-04-29T08:00:00+08:00,8,0.053747,0.067447,0.040786,1.6008,4.5068
2026-04-29T09:00:00+08:00,9,0.087187,0.098212,0.061184,1.2569,3.476
2026-04-29T10:00:00+08:00,10,0.149309,0.155364,0.099078,0.8984,2.4394
2026-04-29T11:00:00+08:00,11,0.168959,0.173442,0.111065,0.824,2.2292
2026-04-29T12:00:00+08:00,12,0.178494,0.182215,0.116882,0.7922,2.1397
2026-04-29T13:00:00+08:00,13,0.169312,0.173767,0.111281,0.8228,2.2257
2026-04-29T14:00:00+08:00,14,0.156973,0.162415,0.103753,0.8678,2.3529
2026-04-29T15:00:00+08:00,15,0.15171,0.157573,0.100543,0.8886,2.4116
2026-04-29T16:00:00+08:00,16,0.132069,0.139503,0.088562,0.9756,2.6595
2026-04-29T17:00:00+08:00,17,0.077316,0.089131,0.055163,1.342,3.7276
2026-04-29T18:00:00+08:00,18,0.040099,0.054891,0.03246,1.802,5.1273
2026-04-29T19:00:00+08:00,19,0.007263,0.024682,0.01243,2.5832,7.6675
2026-04-29T20:00:00+08:00,20,0.0,0.018,0.008,2.8571,8.6111
2026-04-29T21:00:00+08:00,21,0.0,0.018,0.008,2.8571,8.6111
2026-04-29T22:00:00+08:00,22,0.0,0.018,0.008,2.8571,8.6111
2026-04-29T23:00:00+08:00,23,0.0,0.018,0.008,2.8571,8.6111
2026-04-30T00:00:00+08:00,0,0.0,0.018,0.008,2.8571,8.6111
2026-04-30T01:00:00+08:00,1,0.0,0.018,0.008,2.8571,8.6111
2026-04-30T02:00:00+08:00,2,0.0,0.018,0.008,2.8571,8.6111
2026-04-30T03:00:00+08:00,3,0.0,0.018,0.008,2.8571,8.6111
2026-04-30T04:00:00+08:00,4,0.0,0.018,0.008,2.8571,8.6111
2026-04-30T05:00:00+08:00,5,0.0,0.018,0.008,2.8571,8.6111
2026-04-30T06:00:00+08:00,6,0.004479,0.022121,0.010732,2.6817,8.0036
2026-04-30T07:00:00+08:00,7,0.037942,0.052906,0.031144,1.8385,5.2414
2026-04-30T08:00:00+08:00,8,0.094526,0.104964,0.065661,1.2003,3.3098
2026-04-30T09:00:00+08:00,9,0.163376,0.168306,0.107659,0.8439,2.2851
2026-04-30T10:00:00+08:00,10,0.223035,0.223192,0.144051,0.6712,1.8018
2026-04-30T11:00:00+08:00,11,0.285011,0.28021,0.181857,0.5535,1.4772
2026-04-30T12:00:00+08:00,12,0.293096,0.287648,0.186789,0.5411,1.4433
2026-04-30T13:00:00+08:00,13,0.280205,0.275788,0.178925,0.5611,1.4981
2026-04-30T14:00:00+08:00,14,0.271824,0.268078,0.173813,0.5749,1.5361
2026-04-30T15:00:00+08:00,15,0.239636,0.238465,0.154178,0.635,1.7016
2026-04-30T16:00:00+08:00,16,0.181727,0.185189,0.118854,0.782,2.1109
2026-04-30T17:00:00+08:00,17,0.1081,0.117452,0.073941,1.108,3.041
2026-04-30T18:00:00+08:00,18,0.033793,0.049089,0.028613,1.9131,5.4757
2026-04-30T19:00:00+08:00,19,0.004816,0.022431,0.010938,2.6694,7.9614
2026-04-30T20:00:00+08:00,20,0.0,0.018,0.008,2.8571,8.6111
2026-04-30T21:00:00+08:00,21,0.0,0.018,0.008,2.8571,8.6111
2026-04-30T22:00:00+08:00,22,0.0,0.018,0.008,2.8571,8.6111
2026-04-30T23:00:00+08:00,23,0.0,0.018,0.008,2.8571,8.6111
