trade_id,timestamp,hour,factory_id,city,energy_purchased_MW,tokens_burned,exergy_dissipated_MJ
TRD-00001,2026-04-01T07:00:00+08:00,7,FAC-BJ-01,Beijing,0.001522,1.4314,0.1325
TRD-00002,2026-04-01T07:00:00+08:00,7,FAC-SH-01,Shanghai,0.000973,0.9625,0.0632
TRD-00003,2026-04-01T07:00:00+08:00,7,FAC-CD-01,Chengdu,0.001438,1.3822,0.1853
TRD-00004,2026-04-01T08:00:00+08:00,8,FAC-SH-01,Shanghai,0.006978,6.727,0.5172
TRD-00005,2026-04-01T08:00:00+08:00,8,FAC-CD-01,Chengdu,0.00486,5.0778,0.6272
TRD-00006,2026-04-01T08:00:00+08:00,8,FAC-SZ-01,Shenzhen,0.006256,6.4798,0.5968
TRD-00007,2026-04-01T09:00:00+08:00,9,FAC-CD-01,Chengdu,0.013698,14.0826,1.647
TRD-00008,2026-04-01T09:00:00+08:00,9,FAC-SZ-01,Shenzhen,0.022097,23.3724,1.7806
TRD-00009,2026-04-01T09:00:00+08:00,9,FAC-HZ-01,Hangzhou,0.019838,19.4819,2.5898
TRD-00010,2026-04-01T10:00:00+08:00,10,FAC-SZ-01,Shenzhen,0.026117,28.0033,3.4903
TRD-00011,2026-04-01T10:00:00+08:00,10,FAC-HZ-01,Hangzhou,0.021364,21.7986,1.5119
TRD-00012,2026-04-01T10:00:00+08:00,10,FAC-SH-02,Shanghai,0.0297,28.0157,2.1813
TRD-00013,2026-04-01T11:00:00+08:00,11,FAC-HZ-01,Hangzhou,0.016552,17.1227,1.7318
TRD-00014,2026-04-01T11:00:00+08:00,11,FAC-SH-02,Shanghai,0.036195,37.8942,3.2174
TRD-00015,2026-04-01T11:00:00+08:00,11,FAC-BJ-01,Beijing,0.018422,18.1632,1.2917
TRD-00016,2026-04-01T12:00:00+08:00,12,FAC-SH-02,Shanghai,0.037894,36.6716,2.1051
TRD-00017,2026-04-01T12:00:00+08:00,12,FAC-BJ-01,Beijing,0.020802,21.097,1.5955
TRD-00018,2026-04-01T12:00:00+08:00,12,FAC-SH-01,Shanghai,0.020004,18.6457,1.1717
TRD-00019,2026-04-01T13:00:00+08:00,13,FAC-BJ-01,Beijing,0.029538,31.8799,2.8767
TRD-00020,2026-04-01T13:00:00+08:00,13,FAC-SH-01,Shanghai,0.023061,24.8683,2.438
TRD-00021,2026-04-01T13:00:00+08:00,13,FAC-CD-01,Chengdu,0.038689,41.4093,2.4734
TRD-00022,2026-04-01T14:00:00+08:00,14,FAC-SH-01,Shanghai,0.024267,23.6937,1.9035
TRD-00023,2026-04-01T14:00:00+08:00,14,FAC-CD-01,Chengdu,0.028444,26.653,2.4883
TRD-00024,2026-04-01T14:00:00+08:00,14,FAC-SZ-01,Shenzhen,0.016327,15.919,2.1507
TRD-00025,2026-04-01T15:00:00+08:00,15,FAC-CD-01,Chengdu,0.02602,24.9322,1.9287
TRD-00026,2026-04-01T15:00:00+08:00,15,FAC-SZ-01,Shenzhen,0.018074,16.9796,2.1464
TRD-00027,2026-04-01T15:00:00+08:00,15,FAC-HZ-01,Hangzhou,0.019385,20.0085,2.5765
TRD-00028,2026-04-01T16:00:00+08:00,16,FAC-SZ-01,Shenzhen,0.019713,21.2295,2.2062
TRD-00029,2026-04-01T16:00:00+08:00,16,FAC-HZ-01,Hangzhou,0.011645,10.8515,0.8555
TRD-00030,2026-04-01T16:00:00+08:00,16,FAC-SH-02,Shanghai,0.017797,19.0137,1.7228
TRD-00031,2026-04-01T17:00:00+08:00,17,FAC-HZ-01,Hangzhou,0.011855,12.5066,1.5921
TRD-00032,2026-04-01T17:00:00+08:00,17,FAC-SH-02,Shanghai,0.006328,6.3748,0.5613
TRD-00033,2026-04-01T17:00:00+08:00,17,FAC-BJ-01,Beijing,0.014954,14.0292,1.14
TRD-00034,2026-04-01T18:00:00+08:00,18,FAC-SH-02,Shanghai,0.005054,5.3233,0.3802
TRD-00035,2026-04-01T18:00:00+08:00,18,FAC-BJ-01,Beijing,0.003894,3.6952,0.2517
TRD-00036,2026-04-01T18:00:00+08:00,18,FAC-SH-01,Shanghai,0.002675,2.8682,0.2906
TRD-00037,2026-04-01T19:00:00+08:00,19,FAC-BJ-01,Beijing,0.000513,0.5423,0.051
TRD-00038,2026-04-01T19:00:00+08:00,19,FAC-SH-01,Shanghai,0.00032,0.3105,0.0333
TRD-00039,2026-04-01T19:00:00+08:00,19,FAC-CD-01,Chengdu,0.000264,0.2496,0.0329
TRD-00040,2026-04-02T07:00:00+08:00,7,FAC-SH-01,Shanghai,0.001595,1.677,0.0928
TRD-00041,2026-04-02T07:00:00+08:00,7,FAC-CD-01,Chengdu,0.003398,3.27,0.2532
TRD-00042,2026-04-02T07:00:00+08:00,7,FAC-SZ-01,Shenzhen,0.002661,2.7852,0.1682
TRD-00043,2026-04-02T08:00:00+08:00,8,FAC-CD-01,Chengdu,0.00475,5.0325,0.5803
TRD-00044,2026-04-02T08:00:00+08:00,8,FAC-SZ-01,Shenzhen,0.007183,6.9748,0.6929
TRD-00045,2026-04-02T08:00:00+08:00,8,FAC-HZ-01,Hangzhou,0.006931,6.5715,0.8028
TRD-00046,2026-04-02T09:00:00+08:00,9,FAC-SZ-01,Shenzhen,0.013605,13.5013,0.8942
TRD-00047,2026-04-02T09:00:00+08:00,9,FAC-HZ-01,Hangzhou,0.011864,12.6137,1.5935
TRD-00048,2026-04-02T09:00:00+08:00,9,FAC-SH-02,Shanghai,0.020842,21.9665,2.4337
TRD-00049,2026-04-02T10:00:00+08:00,10,FAC-HZ-01,Hangzhou,0.029289,30.8768,2.026
TRD-00050,2026-04-02T10:00:00+08:00,10,FAC-SH-02,Shanghai,0.011783,11.7239,1.4506
TRD-00051,2026-04-02T10:00:00+08:00,10,FAC-BJ-01,Beijing,0.030805,31.2941,3.0181
TRD-00052,2026-04-02T11:00:00+08:00,11,FAC-SH-02,Shanghai,0.021574,22.943,2.6998
TRD-00053,2026-04-02T11:00:00+08:00,11,FAC-BJ-01,Beijing,0.024096,24.2339,1.6675
TRD-00054,2026-04-02T11:00:00+08:00,11,FAC-SH-01,Shanghai,0.015986,15.675,0.9265
TRD-00055,2026-04-02T12:00:00+08:00,12,FAC-BJ-01,Beijing,0.03509,33.7578,3.9113
TRD-00056,2026-04-02T12:00:00+08:00,12,FAC-SH-01,Shanghai,0.035027,36.0027,3.1327
TRD-00057,2026-04-02T12:00:00+08:00,12,FAC-CD-01,Chengdu,0.023185,24.9362,1.4492
TRD-00058,2026-04-02T13:00:00+08:00,13,FAC-SH-01,Shanghai,0.038261,40.9067,4.7781
TRD-00059,2026-04-02T13:00:00+08:00,13,FAC-CD-01,Chengdu,0.020914,21.8526,1.6788
TRD-00060,2026-04-02T13:00:00+08:00,13,FAC-SZ-01,Shenzhen,0.017981,17.0225,1.1123
TRD-00061,2026-04-02T14:00:00+08:00,14,FAC-CD-01,Chengdu,0.032371,32.7588,2.2416
TRD-00062,2026-04-02T14:00:00+08:00,14,FAC-SZ-01,Shenzhen,0.020281,19.2355,1.7421
TRD-00063,2026-04-02T14:00:00+08:00,14,FAC-HZ-01,Hangzhou,0.021219,20.3483,2.69
TRD-00064,2026-04-02T15:00:00+08:00,15,FAC-SZ-01,Shenzhen,0.021535,21.9398,2.6855
TRD-00065,2026-04-02T15:00:00+08:00,15,FAC-HZ-01,Hangzhou,0.025967,25.5552,1.6318
TRD-00066,2026-04-02T15:00:00+08:00,15,FAC-SH-02,Shanghai,0.026994,27.7474,3.5364
TRD-00067,2026-04-02T16:00:00+08:00,16,FAC-HZ-01,Hangzhou,0.007318,7.641,0.6069
TRD-00068,2026-04-02T16:00:00+08:00,16,FAC-SH-02,Shanghai,0.016744,16.9555,2.2561
TRD-00069,2026-04-02T16:00:00+08:00,16,FAC-BJ-01,Beijing,0.020541,22.0309,2.2337
TRD-00070,2026-04-02T17:00:00+08:00,17,FAC-SH-02,Shanghai,0.006214,6.0682,0.3468
TRD-00071,2026-04-02T17:00:00+08:00,17,FAC-BJ-01,Beijing,0.005088,5.032,0.3035
TRD-00072,2026-04-02T17:00:00+08:00,17,FAC-SH-01,Shanghai,0.011353,11.986,1.208
TRD-00073,2026-04-02T18:00:00+08:00,18,FAC-BJ-01,Beijing,0.004151,3.921,0.2635
TRD-00074,2026-04-02T18:00:00+08:00,18,FAC-SH-01,Shanghai,0.00469,4.9239,0.4735
TRD-00075,2026-04-02T18:00:00+08:00,18,FAC-CD-01,Chengdu,0.002162,2.245,0.2065
TRD-00076,2026-04-02T19:00:00+08:00,19,FAC-SH-01,Shanghai,0.000287,0.3086,0.028
TRD-00077,2026-04-02T19:00:00+08:00,19,FAC-CD-01,Chengdu,0.000336,0.3244,0.0315
TRD-00078,2026-04-02T19:00:00+08:00,19,FAC-SZ-01,Shenzhen,0.000265,0.2694,0.0354
TRD-00079,2026-04-03T07:00:00+08:00,7,FAC-CD-01,Chengdu,0.000453,0.4291,0.0353
TRD-00080,2026-04-03T07:00:00+08:00,7,FAC-SZ-01,Shenzhen,0.001059,1.0372,0.0653
TRD-00081,2026-04-03T07:00:00+08:00,7,FAC-HZ-01,Hangzhou,0.000522,0.5283,0.0528
TRD-00082,2026-04-03T08:00:00+08:00,8,FAC-SZ-01,Shenzhen,0.002916,2.9152,0.1843
TRD-00083,2026-04-03T08:00:00+08:00,8,FAC-HZ-01,Hangzhou,0.002044,1.9198,0.215
TRD-00084,2026-04-03T08:00:00+08:00,8,FAC-SH-02,Shanghai,0.003866,3.8235,0.5263
TRD-00085,2026-04-03T09:00:00+08:00,9,FAC-HZ-01,Hangzhou,0.005403,5.1336,0.4188
TRD-00086,2026-04-03T09:00:00+08:00,9,FAC-SH-02,Shanghai,0.008148,7.8633,0.7934
TRD-00087,2026-04-03T09:00:00+08:00,9,FAC-BJ-01,Beijing,0.006214,6.3433,0.7091
TRD-00088,2026-04-03T10:00:00+08:00,10,FAC-SH-02,Shanghai,0.011964,12.9086,1.5019
TRD-00089,2026-04-03T10:00:00+08:00,10,FAC-BJ-01,Beijing,0.010398,9.9411,0.6052
TRD-00090,2026-04-03T10:00:00+08:00,10,FAC-SH-01,Shanghai,0.01069,10.2793,1.3856
TRD-00091,2026-04-03T11:00:00+08:00,11,FAC-BJ-01,Beijing,0.015254,14.6932,1.8102
TRD-00092,2026-04-03T11:00:00+08:00,11,FAC-SH-01,Shanghai,0.016989,16.4879,1.5416
TRD-00093,2026-04-03T11:00:00+08:00,11,FAC-CD-01,Chengdu,0.015673,16.4685,1.8527
TRD-00094,2026-04-03T12:00:00+08:00,12,FAC-SH-01,Shanghai,0.013549,14.3879,1.6162
TRD-00095,2026-04-03T12:00:00+08:00,12,FAC-CD-01,Chengdu,0.019517,20.0924,1.4438
TRD-00096,2026-04-03T12:00:00+08:00,12,FAC-SZ-01,Shenzhen,0.01513,15.6288,1.5789
TRD-00097,2026-04-03T13:00:00+08:00,13,FAC-CD-01,Chengdu,0.025872,24.7189,1.7606
TRD-00098,2026-04-03T13:00:00+08:00,13,FAC-SZ-01,Shenzhen,0.029311,30.3381,2.9888
TRD-00099,2026-04-03T13:00:00+08:00,13,FAC-HZ-01,Hangzhou,0.01725,16.3191,1.9283
TRD-00100,2026-04-03T14:00:00+08:00,14,FAC-SZ-01,Shenzhen,0.015596,15.9406,1.7086
TRD-00101,2026-04-03T14:00:00+08:00,14,FAC-HZ-01,Hangzhou,0.020169,20.1685,1.9576
TRD-00102,2026-04-03T14:00:00+08:00,14,FAC-SH-02,Shanghai,0.014101,14.3502,0.8817
TRD-00103,2026-04-03T15:00:00+08:00,15,FAC-HZ-01,Hangzhou,0.011778,12.5934,1.1688
TRD-00104,2026-04-03T15:00:00+08:00,15,FAC-SH-02,Shanghai,0.011006,10.4848,0.8844
TRD-00105,2026-04-03T15:00:00+08:00,15,FAC-BJ-01,Beijing,0.02109,22.3699,2.0773
TRD-00106,2026-04-03T16:00:00+08:00,16,FAC-SH-02,Shanghai,0.009523,9.2836,0.8079
TRD-00107,2026-04-03T16:00:00+08:00,16,FAC-BJ-01,Beijing,0.009954,10.4461,0.7033
TRD-00108,2026-04-03T16:00:00+08:00,16,FAC-SH-01,Shanghai,0.016754,17.7074,1.0557
TRD-00109,2026-04-03T17:00:00+08:00,17,FAC-BJ-01,Beijing,0.004933,5.1924,0.6141
TRD-00110,2026-04-03T17:00:00+08:00,17,FAC-SH-01,Shanghai,0.010843,11.2722,1.2126
TRD-00111,2026-04-03T17:00:00+08:00,17,FAC-CD-01,Chengdu,0.006186,6.0201,0.8222
TRD-00112,2026-04-03T18:00:00+08:00,18,FAC-SH-01,Shanghai,0.002614,2.794,0.2035
TRD-00113,2026-04-03T18:00:00+08:00,18,FAC-CD-01,Chengdu,0.004408,4.6664,0.5048
TRD-00114,2026-04-03T18:00:00+08:00,18,FAC-SZ-01,Shenzhen,0.003767,3.82,0.2167
TRD-00115,2026-04-03T19:00:00+08:00,19,FAC-CD-01,Chengdu,0.000556,0.5415,0.0596
TRD-00116,2026-04-03T19:00:00+08:00,19,FAC-SZ-01,Shenzhen,0.000414,0.4076,0.037
TRD-00117,2026-04-03T19:00:00+08:00,19,FAC-HZ-01,Hangzhou,0.000231,0.2453,0.0282
TRD-00118,2026-04-04T07:00:00+08:00,7,FAC-SZ-01,Shenzhen,0.003777,3.8193,0.497
TRD-00119,2026-04-04T07:00:00+08:00,7,FAC-HZ-01,Hangzhou,0.003152,3.3841,0.3461
TRD-00120,2026-04-04T07:00:00+08:00,7,FAC-SH-02,Shanghai,0.002763,2.7431,0.3419
TRD-00121,2026-04-04T08:00:00+08:00,8,FAC-HZ-01,Hangzhou,0.006366,6.3996,0.5153
TRD-00122,2026-04-04T08:00:00+08:00,8,FAC-SH-02,Shanghai,0.010085,10.2886,1.2241
TRD-00123,2026-04-04T08:00:00+08:00,8,FAC-BJ-01,Beijing,0.005206,5.0444,0.4514
TRD-00124,2026-04-04T09:00:00+08:00,9,FAC-SH-02,Shanghai,0.013517,14.1884,0.8791
TRD-00125,2026-04-04T09:00:00+08:00,9,FAC-BJ-01,Beijing,0.014172,14.3702,1.2473
TRD-00126,2026-04-04T09:00:00+08:00,9,FAC-SH-01,Shanghai,0.015346,15.8626,0.9991
TRD-00127,2026-04-04T10:00:00+08:00,10,FAC-BJ-01,Beijing,0.015915,16.0301,1.4208
TRD-00128,2026-04-04T10:00:00+08:00,10,FAC-SH-01,Shanghai,0.023717,24.3417,1.8561
TRD-00129,2026-04-04T10:00:00+08:00,10,FAC-CD-01,Chengdu,0.014862,15.3087,1.9913
TRD-00130,2026-04-04T11:00:00+08:00,11,FAC-SH-01,Shanghai,0.025924,24.4098,2.1199
TRD-00131,2026-04-04T11:00:00+08:00,11,FAC-CD-01,Chengdu,0.018044,17.2035,1.4119
TRD-00132,2026-04-04T11:00:00+08:00,11,FAC-SZ-01,Shenzhen,0.025572,25.8128,1.8104
TRD-00133,2026-04-04T12:00:00+08:00,12,FAC-CD-01,Chengdu,0.035793,34.1828,2.6076
TRD-00134,2026-04-04T12:00:00+08:00,12,FAC-SZ-01,Shenzhen,0.032961,33.7716,2.3274
TRD-00135,2026-04-04T12:00:00+08:00,12,FAC-HZ-01,Hangzhou,0.01664,16.1134,1.0512
TRD-00136,2026-04-04T13:00:00+08:00,13,FAC-SZ-01,Shenzhen,0.038466,40.3612,3.5542
TRD-00137,2026-04-04T13:00:00+08:00,13,FAC-HZ-01,Hangzhou,0.016836,16.4317,2.3028
TRD-00138,2026-04-04T13:00:00+08:00,13,FAC-SH-02,Shanghai,0.025284,24.067,1.5377
TRD-00139,2026-04-04T14:00:00+08:00,14,FAC-HZ-01,Hangzhou,0.021616,20.2725,1.4582
TRD-00140,2026-04-04T14:00:00+08:00,14,FAC-SH-02,Shanghai,0.031356,29.3473,4.1605
TRD-00141,2026-04-04T14:00:00+08:00,14,FAC-BJ-01,Beijing,0.027336,26.056,2.09
TRD-00142,2026-04-04T15:00:00+08:00,15,FAC-SH-02,Shanghai,0.030241,28.7029,2.6571
TRD-00143,2026-04-04T15:00:00+08:00,15,FAC-BJ-01,Beijing,0.018089,19.3056,1.2603
TRD-00144,2026-04-04T15:00:00+08:00,15,FAC-SH-01,Shanghai,0.020071,21.1417,1.0977
TRD-00145,2026-04-04T16:00:00+08:00,16,FAC-BJ-01,Beijing,0.02353,24.5344,1.7601
TRD-00146,2026-04-04T16:00:00+08:00,16,FAC-SH-01,Shanghai,0.013967,14.8856,1.5436
TRD-00147,2026-04-04T16:00:00+08:00,16,FAC-CD-01,Chengdu,0.0244,23.1896,1.7304
TRD-00148,2026-04-04T17:00:00+08:00,17,FAC-SH-01,Shanghai,0.011746,11.9521,1.3559
TRD-00149,2026-04-04T17:00:00+08:00,17,FAC-CD-01,Chengdu,0.015765,16.0612,2.0185
TRD-00150,2026-04-04T17:00:00+08:00,17,FAC-SZ-01,Shenzhen,0.010704,10.1819,1.3852
TRD-00151,2026-04-04T18:00:00+08:00,18,FAC-CD-01,Chengdu,0.00467,4.9039,0.4223
TRD-00152,2026-04-04T18:00:00+08:00,18,FAC-SZ-01,Shenzhen,0.005256,5.558,0.5848
TRD-00153,2026-04-04T18:00:00+08:00,18,FAC-HZ-01,Hangzhou,0.003343,3.4682,0.372
TRD-00154,2026-04-04T19:00:00+08:00,19,FAC-SZ-01,Shenzhen,0.000246,0.2619,0.0238
TRD-00155,2026-04-04T19:00:00+08:00,19,FAC-HZ-01,Hangzhou,0.00046,0.4942,0.054
TRD-00156,2026-04-04T19:00:00+08:00,19,FAC-SH-02,Shanghai,0.000532,0.5239,0.0413
TRD-00157,2026-04-05T07:00:00+08:00,7,FAC-HZ-01,Hangzhou,0.003673,3.6212,0.4735
TRD-00158,2026-04-05T07:00:00+08:00,7,FAC-SH-02,Shanghai,0.001929,1.8169,0.2408
TRD-00159,2026-04-05T07:00:00+08:00,7,FAC-BJ-01,Beijing,0.002061,2.2128,0.2569
TRD-00160,2026-04-05T08:00:00+08:00,8,FAC-SH-02,Shanghai,0.012527,12.4664,1.4016
TRD-00161,2026-04-05T08:00:00+08:00,8,FAC-BJ-01,Beijing,0.005901,5.8533,0.3249
TRD-00162,2026-04-05T08:00:00+08:00,8,FAC-SH-01,Shanghai,0.005426,5.6498,0.4187
TRD-00163,2026-04-05T09:00:00+08:00,9,FAC-BJ-01,Beijing,0.008865,8.5903,1.079
TRD-00164,2026-04-05T09:00:00+08:00,9,FAC-SH-01,Shanghai,0.013788,14.1026,1.6779
TRD-00165,2026-04-05T09:00:00+08:00,9,FAC-CD-01,Chengdu,0.008613,8.5122,1.1103
TRD-00166,2026-04-05T10:00:00+08:00,10,FAC-SH-01,Shanghai,0.020292,21.4452,1.7469
TRD-00167,2026-04-05T10:00:00+08:00,10,FAC-CD-01,Chengdu,0.016891,17.3237,1.8425
TRD-00168,2026-04-05T10:00:00+08:00,10,FAC-SZ-01,Shenzhen,0.015825,16.7287,1.3424
TRD-00169,2026-04-05T11:00:00+08:00,11,FAC-CD-01,Chengdu,0.028009,27.7836,2.9202
TRD-00170,2026-04-05T11:00:00+08:00,11,FAC-SZ-01,Shenzhen,0.02201,22.1368,2.0006
TRD-00171,2026-04-05T11:00:00+08:00,11,FAC-HZ-01,Hangzhou,0.026935,28.6407,2.2708
TRD-00172,2026-04-05T12:00:00+08:00,12,FAC-SZ-01,Shenzhen,0.021602,20.5785,2.3208
TRD-00173,2026-04-05T12:00:00+08:00,12,FAC-HZ-01,Hangzhou,0.029558,29.0753,3.7913
TRD-00174,2026-04-05T12:00:00+08:00,12,FAC-SH-02,Shanghai,0.024581,25.6852,2.803
TRD-00175,2026-04-05T13:00:00+08:00,13,FAC-HZ-01,Hangzhou,0.03012,31.1755,2.522
TRD-00176,2026-04-05T13:00:00+08:00,13,FAC-SH-02,Shanghai,0.028292,30.252,2.9002
TRD-00177,2026-04-05T13:00:00+08:00,13,FAC-BJ-01,Beijing,0.019829,21.4152,2.1501
TRD-00178,2026-04-05T14:00:00+08:00,14,FAC-SH-02,Shanghai,0.026392,25.0857,2.7489
TRD-00179,2026-04-05T14:00:00+08:00,14,FAC-BJ-01,Beijing,0.032753,34.7697,3.1871
TRD-00180,2026-04-05T14:00:00+08:00,14,FAC-SH-01,Shanghai,0.028101,29.7626,2.9213
TRD-00181,2026-04-05T15:00:00+08:00,15,FAC-BJ-01,Beijing,0.012461,12.9165,0.6754
TRD-00182,2026-04-05T15:00:00+08:00,15,FAC-SH-01,Shanghai,0.015853,16.4685,1.701
TRD-00183,2026-04-05T15:00:00+08:00,15,FAC-CD-01,Chengdu,0.017076,16.7786,0.9572
TRD-00184,2026-04-05T16:00:00+08:00,16,FAC-SH-01,Shanghai,0.019698,20.1153,2.1337
TRD-00185,2026-04-05T16:00:00+08:00,16,FAC-CD-01,Chengdu,0.021877,21.3908,2.8216
TRD-00186,2026-04-05T16:00:00+08:00,16,FAC-SZ-01,Shenzhen,0.016814,18.1569,2.2092
TRD-00187,2026-04-05T17:00:00+08:00,17,FAC-CD-01,Chengdu,0.010916,10.654,1.2464
TRD-00188,2026-04-05T17:00:00+08:00,17,FAC-SZ-01,Shenzhen,0.005549,5.7651,0.6741
TRD-00189,2026-04-05T17:00:00+08:00,17,FAC-HZ-01,Hangzhou,0.007858,8.2264,0.7316
TRD-00190,2026-04-05T18:00:00+08:00,18,FAC-SZ-01,Shenzhen,0.002818,2.7932,0.378
TRD-00191,2026-04-05T18:00:00+08:00,18,FAC-HZ-01,Hangzhou,0.003098,2.9113,0.3021
TRD-00192,2026-04-05T18:00:00+08:00,18,FAC-SH-02,Shanghai,0.00207,2.2061,0.1488
TRD-00193,2026-04-05T19:00:00+08:00,19,FAC-HZ-01,Hangzhou,0.000392,0.3842,0.039
TRD-00194,2026-04-05T19:00:00+08:00,19,FAC-SH-02,Shanghai,0.000372,0.3976,0.0214
TRD-00195,2026-04-05T19:00:00+08:00,19,FAC-BJ-01,Beijing,0.000364,0.3761,0.032
TRD-00196,2026-04-06T07:00:00+08:00,7,FAC-SH-02,Shanghai,0.001606,1.5452,0.1911
TRD-00197,2026-04-06T07:00:00+08:00,7,FAC-BJ-01,Beijing,0.001222,1.2816,0.1371
TRD-00198,2026-04-06T07:00:00+08:00,7,FAC-SH-01,Shanghai,0.001587,1.5156,0.0975
TRD-00199,2026-04-06T08:00:00+08:00,8,FAC-BJ-01,Beijing,0.002418,2.2542,0.264
TRD-00200,2026-04-06T08:00:00+08:00,8,FAC-SH-01,Shanghai,0.002898,3.0314,0.1649
TRD-00201,2026-04-06T08:00:00+08:00,8,FAC-CD-01,Chengdu,0.003485,3.2529,0.4243
TRD-00202,2026-04-06T09:00:00+08:00,9,FAC-SH-01,Shanghai,0.007867,7.9569,0.8222
TRD-00203,2026-04-06T09:00:00+08:00,9,FAC-CD-01,Chengdu,0.008432,8.9085,0.5442
TRD-00204,2026-04-06T09:00:00+08:00,9,FAC-SZ-01,Shenzhen,0.010376,10.8591,0.7096
TRD-00205,2026-04-06T10:00:00+08:00,10,FAC-CD-01,Chengdu,0.013165,13.0037,1.6612
TRD-00206,2026-04-06T10:00:00+08:00,10,FAC-SZ-01,Shenzhen,0.019952,19.3345,2.3324
TRD-00207,2026-04-06T10:00:00+08:00,10,FAC-HZ-01,Hangzhou,0.008482,8.5989,1.1103
TRD-00208,2026-04-06T11:00:00+08:00,11,FAC-SZ-01,Shenzhen,0.022656,23.8844,2.4413
TRD-00209,2026-04-06T11:00:00+08:00,11,FAC-HZ-01,Hangzhou,0.012931,12.2398,1.0305
TRD-00210,2026-04-06T11:00:00+08:00,11,FAC-SH-02,Shanghai,0.024221,26.1145,2.1508
TRD-00211,2026-04-06T12:00:00+08:00,12,FAC-HZ-01,Hangzhou,0.022072,23.0735,1.6439
TRD-00212,2026-04-06T12:00:00+08:00,12,FAC-SH-02,Shanghai,0.015802,15.5988,0.8938
TRD-00213,2026-04-06T12:00:00+08:00,12,FAC-BJ-01,Beijing,0.019606,18.5693,2.5349
TRD-00214,2026-04-06T13:00:00+08:00,13,FAC-SH-02,Shanghai,0.016373,16.6732,1.0233
TRD-00215,2026-04-06T13:00:00+08:00,13,FAC-BJ-01,Beijing,0.012319,13.1091,1.5083
TRD-00216,2026-04-06T13:00:00+08:00,13,FAC-SH-01,Shanghai,0.0122,12.8269,1.0843
TRD-00217,2026-04-06T14:00:00+08:00,14,FAC-BJ-01,Beijing,0.017319,16.5825,1.2977
TRD-00218,2026-04-06T14:00:00+08:00,14,FAC-SH-01,Shanghai,0.017597,16.7084,1.4677
TRD-00219,2026-04-06T14:00:00+08:00,14,FAC-CD-01,Chengdu,0.02576,25.4882,2.5851
TRD-00220,2026-04-06T15:00:00+08:00,15,FAC-SH-01,Shanghai,0.018026,18.883,1.4431
TRD-00221,2026-04-06T15:00:00+08:00,15,FAC-CD-01,Chengdu,0.019715,20.349,2.5058
TRD-00222,2026-04-06T15:00:00+08:00,15,FAC-SZ-01,Shenzhen,0.025228,27.0208,3.2962
TRD-00223,2026-04-06T16:00:00+08:00,16,FAC-CD-01,Chengdu,0.017073,17.3776,1.3889
TRD-00224,2026-04-06T16:00:00+08:00,16,FAC-SZ-01,Shenzhen,0.009314,9.8352,1.0722
TRD-00225,2026-04-06T16:00:00+08:00,16,FAC-HZ-01,Hangzhou,0.010823,10.8307,1.436
TRD-00226,2026-04-06T17:00:00+08:00,17,FAC-SZ-01,Shenzhen,0.004741,4.8781,0.5732
TRD-00227,2026-04-06T17:00:00+08:00,17,FAC-HZ-01,Hangzhou,0.006881,7.1867,0.6079
TRD-00228,2026-04-06T17:00:00+08:00,17,FAC-SH-02,Shanghai,0.011371,11.1792,1.3776
TRD-00229,2026-04-06T18:00:00+08:00,18,FAC-HZ-01,Hangzhou,0.001205,1.2192,0.1629
TRD-00230,2026-04-06T18:00:00+08:00,18,FAC-SH-02,Shanghai,0.002653,2.5164,0.241
TRD-00231,2026-04-06T18:00:00+08:00,18,FAC-BJ-01,Beijing,0.002144,2.2581,0.1678
TRD-00232,2026-04-06T19:00:00+08:00,19,FAC-SH-02,Shanghai,0.000427,0.4362,0.0412
TRD-00233,2026-04-06T19:00:00+08:00,19,FAC-BJ-01,Beijing,0.000429,0.446,0.0458
TRD-00234,2026-04-06T19:00:00+08:00,19,FAC-SH-01,Shanghai,0.000528,0.4928,0.0452
TRD-00235,2026-04-07T07:00:00+08:00,7,FAC-BJ-01,Beijing,0.001931,1.8593,0.1637
TRD-00236,2026-04-07T07:00:00+08:00,7,FAC-SH-01,Shanghai,0.003284,3.4955,0.3155
TRD-00237,2026-04-07T07:00:00+08:00,7,FAC-CD-01,Chengdu,0.002353,2.3036,0.2571
TRD-00238,2026-04-07T08:00:00+08:00,8,FAC-SH-01,Shanghai,0.005174,4.8302,0.5402
TRD-00239,2026-04-07T08:00:00+08:00,8,FAC-CD-01,Chengdu,0.007765,7.5622,0.6546
TRD-00240,2026-04-07T08:00:00+08:00,8,FAC-SZ-01,Shenzhen,0.005825,5.8932,0.4983
TRD-00241,2026-04-07T09:00:00+08:00,9,FAC-CD-01,Chengdu,0.021267,20.6457,1.2443
TRD-00242,2026-04-07T09:00:00+08:00,9,FAC-SZ-01,Shenzhen,0.013128,13.2211,1.0496
TRD-00243,2026-04-07T09:00:00+08:00,9,FAC-HZ-01,Hangzhou,0.009822,9.7928,0.8927
TRD-00244,2026-04-07T10:00:00+08:00,10,FAC-SZ-01,Shenzhen,0.027397,26.7567,2.2533
TRD-00245,2026-04-07T10:00:00+08:00,10,FAC-HZ-01,Hangzhou,0.021888,20.5738,1.9729
TRD-00246,2026-04-07T10:00:00+08:00,10,FAC-SH-02,Shanghai,0.01365,14.4184,1.5998
TRD-00247,2026-04-07T11:00:00+08:00,11,FAC-HZ-01,Hangzhou,0.026166,27.1431,1.7121
TRD-00248,2026-04-07T11:00:00+08:00,11,FAC-SH-02,Shanghai,0.023052,22.8576,2.2982
TRD-00249,2026-04-07T11:00:00+08:00,11,FAC-BJ-01,Beijing,0.014547,13.8207,1.3158
TRD-00250,2026-04-07T12:00:00+08:00,12,FAC-SH-02,Shanghai,0.037914,39.444,5.0453
TRD-00251,2026-04-07T12:00:00+08:00,12,FAC-BJ-01,Beijing,0.024356,24.2188,2.9841
TRD-00252,2026-04-07T12:00:00+08:00,12,FAC-SH-01,Shanghai,0.027553,27.0958,3.1164
TRD-00253,2026-04-07T13:00:00+08:00,13,FAC-BJ-01,Beijing,0.017435,17.9906,2.0961
TRD-00254,2026-04-07T13:00:00+08:00,13,FAC-SH-01,Shanghai,0.020525,19.4986,1.4441
TRD-00255,2026-04-07T13:00:00+08:00,13,FAC-CD-01,Chengdu,0.027867,29.9345,3.2899
TRD-00256,2026-04-07T14:00:00+08:00,14,FAC-SH-01,Shanghai,0.027683,26.8731,2.1673
TRD-00257,2026-04-07T14:00:00+08:00,14,FAC-CD-01,Chengdu,0.022843,24.6534,1.3768
TRD-00258,2026-04-07T14:00:00+08:00,14,FAC-SZ-01,Shenzhen,0.017647,17.5933,1.612
TRD-00259,2026-04-07T15:00:00+08:00,15,FAC-CD-01,Chengdu,0.023014,21.8784,2.7655
TRD-00260,2026-04-07T15:00:00+08:00,15,FAC-SZ-01,Shenzhen,0.012988,13.6987,0.9702
TRD-00261,2026-04-07T15:00:00+08:00,15,FAC-HZ-01,Hangzhou,0.0231,22.2396,2.7564
TRD-00262,2026-04-07T16:00:00+08:00,16,FAC-SZ-01,Shenzhen,0.019512,18.5353,1.9409
TRD-00263,2026-04-07T16:00:00+08:00,16,FAC-HZ-01,Hangzhou,0.024423,24.954,2.7238
TRD-00264,2026-04-07T16:00:00+08:00,16,FAC-SH-02,Shanghai,0.019239,20.6195,2.3361
TRD-00265,2026-04-07T17:00:00+08:00,17,FAC-HZ-01,Hangzhou,0.007957,8.3814,0.6797
TRD-00266,2026-04-07T17:00:00+08:00,17,FAC-SH-02,Shanghai,0.007703,7.9202,1.0218
TRD-00267,2026-04-07T17:00:00+08:00,17,FAC-BJ-01,Beijing,0.012478,13.1974,1.5531
TRD-00268,2026-04-07T18:00:00+08:00,18,FAC-SH-02,Shanghai,0.002298,2.154,0.2671
TRD-00269,2026-04-07T18:00:00+08:00,18,FAC-BJ-01,Beijing,0.003684,3.5001,0.3118
TRD-00270,2026-04-07T18:00:00+08:00,18,FAC-SH-01,Shanghai,0.004397,4.4806,0.3549
TRD-00271,2026-04-07T19:00:00+08:00,19,FAC-BJ-01,Beijing,0.000729,0.7775,0.0526
TRD-00272,2026-04-07T19:00:00+08:00,19,FAC-SH-01,Shanghai,0.000301,0.3112,0.0263
TRD-00273,2026-04-07T19:00:00+08:00,19,FAC-CD-01,Chengdu,0.000441,0.4753,0.0499
TRD-00274,2026-04-08T07:00:00+08:00,7,FAC-SH-01,Shanghai,0.002011,2.1407,0.1687
TRD-00275,2026-04-08T07:00:00+08:00,7,FAC-CD-01,Chengdu,0.001438,1.3781,0.133
TRD-00276,2026-04-08T07:00:00+08:00,7,FAC-SZ-01,Shenzhen,0.001985,1.9781,0.1901
TRD-00277,2026-04-08T08:00:00+08:00,8,FAC-CD-01,Chengdu,0.009771,10.3968,0.8816
TRD-00278,2026-04-08T08:00:00+08:00,8,FAC-SZ-01,Shenzhen,0.006577,6.2138,0.6325
TRD-00279,2026-04-08T08:00:00+08:00,8,FAC-HZ-01,Hangzhou,0.010391,10.9134,0.666
TRD-00280,2026-04-08T09:00:00+08:00,9,FAC-SZ-01,Shenzhen,0.01826,19.6247,1.1073
TRD-00281,2026-04-08T09:00:00+08:00,9,FAC-HZ-01,Hangzhou,0.010049,9.9843,1.2262
TRD-00282,2026-04-08T09:00:00+08:00,9,FAC-SH-02,Shanghai,0.017603,17.1074,1.4577
TRD-00283,2026-04-08T10:00:00+08:00,10,FAC-HZ-01,Hangzhou,0.017385,16.9209,1.405
TRD-00284,2026-04-08T10:00:00+08:00,10,FAC-SH-02,Shanghai,0.020598,20.7784,2.4536
TRD-00285,2026-04-08T10:00:00+08:00,10,FAC-BJ-01,Beijing,0.018065,18.8843,1.4073
TRD-00286,2026-04-08T11:00:00+08:00,11,FAC-SH-02,Shanghai,0.025609,25.6539,1.6739
TRD-00287,2026-04-08T11:00:00+08:00,11,FAC-BJ-01,Beijing,0.031294,32.8483,2.868
TRD-00288,2026-04-08T11:00:00+08:00,11,FAC-SH-01,Shanghai,0.013713,14.2582,0.9401
TRD-00289,2026-04-08T12:00:00+08:00,12,FAC-BJ-01,Beijing,0.019194,20.5176,1.6517
TRD-00290,2026-04-08T12:00:00+08:00,12,FAC-SH-01,Shanghai,0.012782,12.3622,1.5545
TRD-00291,2026-04-08T12:00:00+08:00,12,FAC-CD-01,Chengdu,0.031963,33.6875,2.1978
TRD-00292,2026-04-08T13:00:00+08:00,13,FAC-SH-01,Shanghai,0.017786,18.9622,2.4251
TRD-00293,2026-04-08T13:00:00+08:00,13,FAC-CD-01,Chengdu,0.035034,33.9116,3.4058
TRD-00294,2026-04-08T13:00:00+08:00,13,FAC-SZ-01,Shenzhen,0.023316,21.9281,2.3265
TRD-00295,2026-04-08T14:00:00+08:00,14,FAC-CD-01,Chengdu,0.019714,19.3024,1.6399
TRD-00296,2026-04-08T14:00:00+08:00,14,FAC-SZ-01,Shenzhen,0.024773,23.1185,1.5135
TRD-00297,2026-04-08T14:00:00+08:00,14,FAC-HZ-01,Hangzhou,0.021244,20.1973,2.5387
TRD-00298,2026-04-08T15:00:00+08:00,15,FAC-SZ-01,Shenzhen,0.020003,18.7179,2.0849
TRD-00299,2026-04-08T15:00:00+08:00,15,FAC-HZ-01,Hangzhou,0.023369,24.4806,2.8817
TRD-00300,2026-04-08T15:00:00+08:00,15,FAC-SH-02,Shanghai,0.030018,29.5584,3.0449
TRD-00301,2026-04-08T16:00:00+08:00,16,FAC-HZ-01,Hangzhou,0.008703,8.1828,0.9923
TRD-00302,2026-04-08T16:00:00+08:00,16,FAC-SH-02,Shanghai,0.011969,11.6216,0.9636
TRD-00303,2026-04-08T16:00:00+08:00,16,FAC-BJ-01,Beijing,0.007667,7.6027,0.8809
TRD-00304,2026-04-08T17:00:00+08:00,17,FAC-SH-02,Shanghai,0.00713,7.2006,0.4041
TRD-00305,2026-04-08T17:00:00+08:00,17,FAC-BJ-01,Beijing,0.009574,10.0611,1.0549
TRD-00306,2026-04-08T17:00:00+08:00,17,FAC-SH-01,Shanghai,0.010722,11.2209,0.6926
TRD-00307,2026-04-08T18:00:00+08:00,18,FAC-BJ-01,Beijing,0.002172,2.1713,0.2525
TRD-00308,2026-04-08T18:00:00+08:00,18,FAC-SH-01,Shanghai,0.004024,4.1777,0.2748
TRD-00309,2026-04-08T18:00:00+08:00,18,FAC-CD-01,Chengdu,0.002556,2.389,0.3259
TRD-00310,2026-04-08T19:00:00+08:00,19,FAC-SH-01,Shanghai,0.000559,0.5222,0.0413
TRD-00311,2026-04-08T19:00:00+08:00,19,FAC-CD-01,Chengdu,0.000484,0.5092,0.0557
TRD-00312,2026-04-08T19:00:00+08:00,19,FAC-SZ-01,Shenzhen,0.000345,0.3593,0.024
TRD-00313,2026-04-09T07:00:00+08:00,7,FAC-CD-01,Chengdu,0.002557,2.5718,0.3297
TRD-00314,2026-04-09T07:00:00+08:00,7,FAC-SZ-01,Shenzhen,0.002253,2.1215,0.2711
TRD-00315,2026-04-09T07:00:00+08:00,7,FAC-HZ-01,Hangzhou,0.001771,1.804,0.129
TRD-00316,2026-04-09T08:00:00+08:00,8,FAC-SZ-01,Shenzhen,0.004627,4.7029,0.556
TRD-00317,2026-04-09T08:00:00+08:00,8,FAC-HZ-01,Hangzhou,0.003964,4.2007,0.2716
TRD-00318,2026-04-09T08:00:00+08:00,8,FAC-SH-02,Shanghai,0.009608,9.3359,1.2172
TRD-00319,2026-04-09T09:00:00+08:00,9,FAC-HZ-01,Hangzhou,0.005772,5.5709,0.6484
TRD-00320,2026-04-09T09:00:00+08:00,9,FAC-SH-02,Shanghai,0.006944,7.4974,0.6699
TRD-00321,2026-04-09T09:00:00+08:00,9,FAC-BJ-01,Beijing,0.010363,10.3535,1.3389
TRD-00322,2026-04-09T10:00:00+08:00,10,FAC-SH-02,Shanghai,0.017423,16.8936,1.6602
TRD-00323,2026-04-09T10:00:00+08:00,10,FAC-BJ-01,Beijing,0.011385,10.6997,1.256
TRD-00324,2026-04-09T10:00:00+08:00,10,FAC-SH-01,Shanghai,0.011584,11.3683,1.0403
TRD-00325,2026-04-09T11:00:00+08:00,11,FAC-BJ-01,Beijing,0.02068,21.9337,2.6642
TRD-00326,2026-04-09T11:00:00+08:00,11,FAC-SH-01,Shanghai,0.013134,13.2471,0.8622
TRD-00327,2026-04-09T11:00:00+08:00,11,FAC-CD-01,Chengdu,0.018391,19.2402,1.3861
TRD-00328,2026-04-09T12:00:00+08:00,12,FAC-SH-01,Shanghai,0.02904,28.8974,2.639
TRD-00329,2026-04-09T12:00:00+08:00,12,FAC-CD-01,Chengdu,0.018111,19.2078,2.0014
TRD-00330,2026-04-09T12:00:00+08:00,12,FAC-SZ-01,Shenzhen,0.032032,31.8266,2.8028
TRD-00331,2026-04-09T13:00:00+08:00,13,FAC-CD-01,Chengdu,0.016661,15.6446,1.8472
TRD-00332,2026-04-09T13:00:00+08:00,13,FAC-SZ-01,Shenzhen,0.019477,20.598,1.6962
TRD-00333,2026-04-09T13:00:00+08:00,13,FAC-HZ-01,Hangzhou,0.017761,18.9993,2.0466
TRD-00334,2026-04-09T14:00:00+08:00,14,FAC-SZ-01,Shenzhen,0.016541,15.7469,1.0018
TRD-00335,2026-04-09T14:00:00+08:00,14,FAC-HZ-01,Hangzhou,0.019553,19.3317,2.2408
TRD-00336,2026-04-09T14:00:00+08:00,14,FAC-SH-02,Shanghai,0.022094,23.0831,1.7893
TRD-00337,2026-04-09T15:00:00+08:00,15,FAC-HZ-01,Hangzhou,0.024544,23.866,2.7178
TRD-00338,2026-04-09T15:00:00+08:00,15,FAC-SH-02,Shanghai,0.021582,23.2758,1.535
TRD-00339,2026-04-09T15:00:00+08:00,15,FAC-BJ-01,Beijing,0.018284,17.3221,2.4862
TRD-00340,2026-04-09T16:00:00+08:00,16,FAC-SH-02,Shanghai,0.009943,9.3403,0.8716
TRD-00341,2026-04-09T16:00:00+08:00,16,FAC-BJ-01,Beijing,0.00898,9.5913,1.0789
TRD-00342,2026-04-09T16:00:00+08:00,16,FAC-SH-01,Shanghai,0.014472,13.8155,1.1585
TRD-00343,2026-04-09T17:00:00+08:00,17,FAC-BJ-01,Beijing,0.008476,8.89,0.947
TRD-00344,2026-04-09T17:00:00+08:00,17,FAC-SH-01,Shanghai,0.014258,15.0876,1.8324
TRD-00345,2026-04-09T17:00:00+08:00,17,FAC-CD-01,Chengdu,0.006094,5.8151,0.491
TRD-00346,2026-04-09T18:00:00+08:00,18,FAC-SH-01,Shanghai,0.004263,4.2352,0.2421
TRD-00347,2026-04-09T18:00:00+08:00,18,FAC-CD-01,Chengdu,0.004206,4.2587,0.3478
TRD-00348,2026-04-09T18:00:00+08:00,18,FAC-SZ-01,Shenzhen,0.006065,5.8097,0.7486
TRD-00349,2026-04-09T19:00:00+08:00,19,FAC-CD-01,Chengdu,0.00065,0.6584,0.0825
TRD-00350,2026-04-09T19:00:00+08:00,19,FAC-SZ-01,Shenzhen,0.000308,0.2894,0.0247
TRD-00351,2026-04-09T19:00:00+08:00,19,FAC-HZ-01,Hangzhou,0.000324,0.307,0.0191
TRD-00352,2026-04-10T07:00:00+08:00,7,FAC-SZ-01,Shenzhen,0.001587,1.5462,0.1305
TRD-00353,2026-04-10T07:00:00+08:00,7,FAC-HZ-01,Hangzhou,0.00237,2.3939,0.2822
TRD-00354,2026-04-10T07:00:00+08:00,7,FAC-SH-02,Shanghai,0.001879,1.7732,0.1222
TRD-00355,2026-04-10T08:00:00+08:00,8,FAC-HZ-01,Hangzhou,0.004732,5.0335,0.3202
TRD-00356,2026-04-10T08:00:00+08:00,8,FAC-SH-02,Shanghai,0.007093,7.0001,0.9516
TRD-00357,2026-04-10T08:00:00+08:00,8,FAC-BJ-01,Beijing,0.004342,4.0816,0.3231
TRD-00358,2026-04-10T09:00:00+08:00,9,FAC-SH-02,Shanghai,0.008966,9.2259,0.553
TRD-00359,2026-04-10T09:00:00+08:00,9,FAC-BJ-01,Beijing,0.013292,12.9616,1.6936
TRD-00360,2026-04-10T09:00:00+08:00,9,FAC-SH-01,Shanghai,0.006244,5.8612,0.4267
TRD-00361,2026-04-10T10:00:00+08:00,10,FAC-BJ-01,Beijing,0.018498,19.7038,1.7381
TRD-00362,2026-04-10T10:00:00+08:00,10,FAC-SH-01,Shanghai,0.021279,22.7258,2.0753
TRD-00363,2026-04-10T10:00:00+08:00,10,FAC-CD-01,Chengdu,0.025307,26.528,3.4328
TRD-00364,2026-04-10T11:00:00+08:00,11,FAC-SH-01,Shanghai,0.027981,28.2691,3.7084
TRD-00365,2026-04-10T11:00:00+08:00,11,FAC-CD-01,Chengdu,0.012654,13.6334,1.2567
TRD-00366,2026-04-10T11:00:00+08:00,11,FAC-SZ-01,Shenzhen,0.011483,11.0071,1.2797
TRD-00367,2026-04-10T12:00:00+08:00,12,FAC-CD-01,Chengdu,0.031447,32.0113,3.7463
TRD-00368,2026-04-10T12:00:00+08:00,12,FAC-SZ-01,Shenzhen,0.015605,15.755,2.0864
TRD-00369,2026-04-10T12:00:00+08:00,12,FAC-HZ-01,Hangzhou,0.017818,18.6115,1.6555
TRD-00370,2026-04-10T13:00:00+08:00,13,FAC-SZ-01,Shenzhen,0.018473,19.0909,1.1337
TRD-00371,2026-04-10T13:00:00+08:00,13,FAC-HZ-01,Hangzhou,0.024466,24.783,3.16
TRD-00372,2026-04-10T13:00:00+08:00,13,FAC-SH-02,Shanghai,0.016065,16.6435,1.5968
TRD-00373,2026-04-10T14:00:00+08:00,14,FAC-HZ-01,Hangzhou,0.021899,21.6959,2.6092
TRD-00374,2026-04-10T14:00:00+08:00,14,FAC-SH-02,Shanghai,0.02875,27.4399,3.915
TRD-00375,2026-04-10T14:00:00+08:00,14,FAC-BJ-01,Beijing,0.036048,36.887,3.6761
TRD-00376,2026-04-10T15:00:00+08:00,15,FAC-SH-02,Shanghai,0.023958,25.2567,2.1267
TRD-00377,2026-04-10T15:00:00+08:00,15,FAC-BJ-01,Beijing,0.026553,26.4625,2.0645
TRD-00378,2026-04-10T15:00:00+08:00,15,FAC-SH-01,Shanghai,0.013318,12.4012,1.2007
TRD-00379,2026-04-10T16:00:00+08:00,16,FAC-BJ-01,Beijing,0.021092,21.1815,2.7623
TRD-00380,2026-04-10T16:00:00+08:00,16,FAC-SH-01,Shanghai,0.013215,13.984,0.7989
TRD-00381,2026-04-10T16:00:00+08:00,16,FAC-CD-01,Chengdu,0.016548,17.702,1.9082
TRD-00382,2026-04-10T17:00:00+08:00,17,FAC-SH-01,Shanghai,0.019839,20.3092,1.1257
TRD-00383,2026-04-10T17:00:00+08:00,17,FAC-CD-01,Chengdu,0.008353,8.8752,0.835
TRD-00384,2026-04-10T17:00:00+08:00,17,FAC-SZ-01,Shenzhen,0.013014,12.354,1.2161
TRD-00385,2026-04-10T18:00:00+08:00,18,FAC-CD-01,Chengdu,0.005779,6.0099,0.6751
TRD-00386,2026-04-10T18:00:00+08:00,18,FAC-SZ-01,Shenzhen,0.002842,2.9095,0.27
TRD-00387,2026-04-10T18:00:00+08:00,18,FAC-HZ-01,Hangzhou,0.00642,6.8182,0.8707
TRD-00388,2026-04-10T19:00:00+08:00,19,FAC-SZ-01,Shenzhen,0.000743,0.7437,0.0509
TRD-00389,2026-04-10T19:00:00+08:00,19,FAC-HZ-01,Hangzhou,0.000642,0.6691,0.0425
TRD-00390,2026-04-10T19:00:00+08:00,19,FAC-SH-02,Shanghai,0.000516,0.5229,0.0523
TRD-00391,2026-04-11T07:00:00+08:00,7,FAC-HZ-01,Hangzhou,0.002603,2.7193,0.1566
TRD-00392,2026-04-11T07:00:00+08:00,7,FAC-SH-02,Shanghai,0.001936,2.0415,0.1047
TRD-00393,2026-04-11T07:00:00+08:00,7,FAC-BJ-01,Beijing,0.001885,1.9879,0.2133
TRD-00394,2026-04-11T08:00:00+08:00,8,FAC-SH-02,Shanghai,0.004931,4.7938,0.5377
TRD-00395,2026-04-11T08:00:00+08:00,8,FAC-BJ-01,Beijing,0.005117,4.7967,0.2836
TRD-00396,2026-04-11T08:00:00+08:00,8,FAC-SH-01,Shanghai,0.00735,7.3476,0.7424
TRD-00397,2026-04-11T09:00:00+08:00,9,FAC-BJ-01,Beijing,0.010282,9.8407,0.5656
TRD-00398,2026-04-11T09:00:00+08:00,9,FAC-SH-01,Shanghai,0.012542,11.9217,1.3134
TRD-00399,2026-04-11T09:00:00+08:00,9,FAC-CD-01,Chengdu,0.009986,10.5066,1.3653
TRD-00400,2026-04-11T10:00:00+08:00,10,FAC-SH-01,Shanghai,0.015251,14.9018,1.0705
TRD-00401,2026-04-11T10:00:00+08:00,10,FAC-CD-01,Chengdu,0.012056,11.6366,1.1521
TRD-00402,2026-04-11T10:00:00+08:00,10,FAC-SZ-01,Shenzhen,0.012029,11.4944,0.8151
TRD-00403,2026-04-11T11:00:00+08:00,11,FAC-CD-01,Chengdu,0.024217,23.8178,2.9452
TRD-00404,2026-04-11T11:00:00+08:00,11,FAC-SZ-01,Shenzhen,0.015054,15.1438,1.0374
TRD-00405,2026-04-11T11:00:00+08:00,11,FAC-HZ-01,Hangzhou,0.026951,27.8178,1.9037
TRD-00406,2026-04-11T12:00:00+08:00,12,FAC-SZ-01,Shenzhen,0.011804,11.7113,1.3905
TRD-00407,2026-04-11T12:00:00+08:00,12,FAC-HZ-01,Hangzhou,0.023753,25.1136,2.373
TRD-00408,2026-04-11T12:00:00+08:00,12,FAC-SH-02,Shanghai,0.021643,20.8966,2.5903
TRD-00409,2026-04-11T13:00:00+08:00,13,FAC-HZ-01,Hangzhou,0.015114,15.6358,1.3062
TRD-00410,2026-04-11T13:00:00+08:00,13,FAC-SH-02,Shanghai,0.016267,16.3171,1.8155
TRD-00411,2026-04-11T13:00:00+08:00,13,FAC-BJ-01,Beijing,0.019804,20.9916,1.321
TRD-00412,2026-04-11T14:00:00+08:00,14,FAC-SH-02,Shanghai,0.012268,11.9575,0.7869
TRD-00413,2026-04-11T14:00:00+08:00,14,FAC-BJ-01,Beijing,0.015146,14.5245,1.1433
TRD-00414,2026-04-11T14:00:00+08:00,14,FAC-SH-01,Shanghai,0.015863,16.7149,1.4733
TRD-00415,2026-04-11T15:00:00+08:00,15,FAC-BJ-01,Beijing,0.017598,17.573,2.3922
TRD-00416,2026-04-11T15:00:00+08:00,15,FAC-SH-01,Shanghai,0.014029,14.2951,0.8395
TRD-00417,2026-04-11T15:00:00+08:00,15,FAC-CD-01,Chengdu,0.016767,17.4319,2.0037
TRD-00418,2026-04-11T16:00:00+08:00,16,FAC-SH-01,Shanghai,0.009342,8.7363,0.6433
TRD-00419,2026-04-11T16:00:00+08:00,16,FAC-CD-01,Chengdu,0.008751,9.4144,1.0626
TRD-00420,2026-04-11T16:00:00+08:00,16,FAC-SZ-01,Shenzhen,0.008961,9.3869,0.9916
TRD-00421,2026-04-11T17:00:00+08:00,17,FAC-CD-01,Chengdu,0.013477,14.1612,1.8262
TRD-00422,2026-04-11T17:00:00+08:00,17,FAC-SZ-01,Shenzhen,0.009758,9.4535,1.1688
TRD-00423,2026-04-11T17:00:00+08:00,17,FAC-HZ-01,Hangzhou,0.006849,6.9074,0.7494
TRD-00424,2026-04-11T18:00:00+08:00,18,FAC-SZ-01,Shenzhen,0.003078,3.0362,0.2811
TRD-00425,2026-04-11T18:00:00+08:00,18,FAC-HZ-01,Hangzhou,0.004862,5.1205,0.4837
TRD-00426,2026-04-11T18:00:00+08:00,18,FAC-SH-02,Shanghai,0.002894,2.8832,0.2076
TRD-00427,2026-04-11T19:00:00+08:00,19,FAC-HZ-01,Hangzhou,0.000491,0.5059,0.0595
TRD-00428,2026-04-11T19:00:00+08:00,19,FAC-SH-02,Shanghai,0.000478,0.4916,0.0501
TRD-00429,2026-04-11T19:00:00+08:00,19,FAC-BJ-01,Beijing,0.000838,0.8507,0.0599
TRD-00430,2026-04-12T07:00:00+08:00,7,FAC-SH-02,Shanghai,0.001196,1.2285,0.1342
TRD-00431,2026-04-12T07:00:00+08:00,7,FAC-BJ-01,Beijing,0.001819,1.8027,0.226
TRD-00432,2026-04-12T07:00:00+08:00,7,FAC-SH-01,Shanghai,0.001556,1.5058,0.0959
TRD-00433,2026-04-12T08:00:00+08:00,8,FAC-BJ-01,Beijing,0.006117,5.7985,0.7876
TRD-00434,2026-04-12T08:00:00+08:00,8,FAC-SH-01,Shanghai,0.007097,6.9094,0.4019
TRD-00435,2026-04-12T08:00:00+08:00,8,FAC-CD-01,Chengdu,0.004065,4.373,0.3988
TRD-00436,2026-04-12T09:00:00+08:00,9,FAC-SH-01,Shanghai,0.014497,15.4176,1.639
TRD-00437,2026-04-12T09:00:00+08:00,9,FAC-CD-01,Chengdu,0.009299,8.7974,0.5452
TRD-00438,2026-04-12T09:00:00+08:00,9,FAC-SZ-01,Shenzhen,0.007818,8.2908,0.9945
TRD-00439,2026-04-12T10:00:00+08:00,10,FAC-CD-01,Chengdu,0.009357,10.0455,0.5732
TRD-00440,2026-04-12T10:00:00+08:00,10,FAC-SZ-01,Shenzhen,0.008569,8.5329,0.861
TRD-00441,2026-04-12T10:00:00+08:00,10,FAC-HZ-01,Hangzhou,0.008973,9.1277,0.624
TRD-00442,2026-04-12T11:00:00+08:00,11,FAC-SZ-01,Shenzhen,0.019331,20.3663,1.8865
TRD-00443,2026-04-12T11:00:00+08:00,11,FAC-HZ-01,Hangzhou,0.0116,11.187,0.6847
TRD-00444,2026-04-12T11:00:00+08:00,11,FAC-SH-02,Shanghai,0.018753,18.8682,2.0244
TRD-00445,2026-04-12T12:00:00+08:00,12,FAC-HZ-01,Hangzhou,0.015715,16.1009,1.1591
TRD-00446,2026-04-12T12:00:00+08:00,12,FAC-SH-02,Shanghai,0.013072,12.8911,0.8671
TRD-00447,2026-04-12T12:00:00+08:00,12,FAC-BJ-01,Beijing,0.023955,24.0687,2.5208
TRD-00448,2026-04-12T13:00:00+08:00,13,FAC-SH-02,Shanghai,0.021519,21.5586,2.2871
TRD-00449,2026-04-12T13:00:00+08:00,13,FAC-BJ-01,Beijing,0.018462,19.4142,2.0917
TRD-00450,2026-04-12T13:00:00+08:00,13,FAC-SH-01,Shanghai,0.018096,18.7888,2.2185
TRD-00451,2026-04-12T14:00:00+08:00,14,FAC-BJ-01,Beijing,0.020663,19.8026,2.1266
TRD-00452,2026-04-12T14:00:00+08:00,14,FAC-SH-01,Shanghai,0.020133,20.8953,2.6409
TRD-00453,2026-04-12T14:00:00+08:00,14,FAC-CD-01,Chengdu,0.01313,13.1706,1.5456
TRD-00454,2026-04-12T15:00:00+08:00,15,FAC-SH-01,Shanghai,0.010587,11.1847,1.0686
TRD-00455,2026-04-12T15:00:00+08:00,15,FAC-CD-01,Chengdu,0.012457,11.6391,1.1808
TRD-00456,2026-04-12T15:00:00+08:00,15,FAC-SZ-01,Shenzhen,0.015375,16.5753,1.1796
TRD-00457,2026-04-12T16:00:00+08:00,16,FAC-CD-01,Chengdu,0.011794,12.6459,1.2856
TRD-00458,2026-04-12T16:00:00+08:00,16,FAC-SZ-01,Shenzhen,0.008208,8.7164,0.5903
TRD-00459,2026-04-12T16:00:00+08:00,16,FAC-HZ-01,Hangzhou,0.006891,6.9814,0.6689
TRD-00460,2026-04-12T17:00:00+08:00,17,FAC-SZ-01,Shenzhen,0.012517,11.7631,0.761
TRD-00461,2026-04-12T17:00:00+08:00,17,FAC-HZ-01,Hangzhou,0.013625,14.6029,1.483
TRD-00462,2026-04-12T17:00:00+08:00,17,FAC-SH-02,Shanghai,0.009134,9.8309,0.9708
TRD-00463,2026-04-12T18:00:00+08:00,18,FAC-HZ-01,Hangzhou,0.002617,2.696,0.1923
TRD-00464,2026-04-12T18:00:00+08:00,18,FAC-SH-02,Shanghai,0.00439,4.332,0.3681
TRD-00465,2026-04-12T18:00:00+08:00,18,FAC-BJ-01,Beijing,0.003364,3.2669,0.314
TRD-00466,2026-04-12T19:00:00+08:00,19,FAC-SH-02,Shanghai,0.000826,0.8597,0.0681
TRD-00467,2026-04-12T19:00:00+08:00,19,FAC-BJ-01,Beijing,0.000572,0.5853,0.0644
TRD-00468,2026-04-12T19:00:00+08:00,19,FAC-SH-01,Shanghai,0.000471,0.4755,0.0613
TRD-00469,2026-04-13T07:00:00+08:00,7,FAC-BJ-01,Beijing,0.001135,1.1277,0.131
TRD-00470,2026-04-13T07:00:00+08:00,7,FAC-SH-01,Shanghai,0.001295,1.2965,0.1743
TRD-00471,2026-04-13T07:00:00+08:00,7,FAC-CD-01,Chengdu,0.001203,1.2726,0.0864
TRD-00472,2026-04-13T08:00:00+08:00,8,FAC-SH-01,Shanghai,0.00541,5.8291,0.3021
TRD-00473,2026-04-13T08:00:00+08:00,8,FAC-CD-01,Chengdu,0.004358,4.468,0.5621
TRD-00474,2026-04-13T08:00:00+08:00,8,FAC-SZ-01,Shenzhen,0.003291,3.232,0.1969
TRD-00475,2026-04-13T09:00:00+08:00,9,FAC-CD-01,Chengdu,0.009155,8.8583,0.7038
TRD-00476,2026-04-13T09:00:00+08:00,9,FAC-SZ-01,Shenzhen,0.006406,6.6481,0.578
TRD-00477,2026-04-13T09:00:00+08:00,9,FAC-HZ-01,Hangzhou,0.007016,7.0456,0.885
TRD-00478,2026-04-13T10:00:00+08:00,10,FAC-SZ-01,Shenzhen,0.015083,14.6473,2.0424
TRD-00479,2026-04-13T10:00:00+08:00,10,FAC-HZ-01,Hangzhou,0.014435,14.8723,1.7335
TRD-00480,2026-04-13T10:00:00+08:00,10,FAC-SH-02,Shanghai,0.007483,7.8663,0.806
TRD-00481,2026-04-13T11:00:00+08:00,11,FAC-HZ-01,Hangzhou,0.019336,20.8813,1.4028
TRD-00482,2026-04-13T11:00:00+08:00,11,FAC-SH-02,Shanghai,0.010684,10.578,0.9175
TRD-00483,2026-04-13T11:00:00+08:00,11,FAC-BJ-01,Beijing,0.017564,16.6852,1.9033
TRD-00484,2026-04-13T12:00:00+08:00,12,FAC-SH-02,Shanghai,0.012816,12.9983,0.7621
TRD-00485,2026-04-13T12:00:00+08:00,12,FAC-BJ-01,Beijing,0.00982,10.5989,1.0827
TRD-00486,2026-04-13T12:00:00+08:00,12,FAC-SH-01,Shanghai,0.015472,16.4579,1.6667
TRD-00487,2026-04-13T13:00:00+08:00,13,FAC-BJ-01,Beijing,0.022439,23.1108,2.256
TRD-00488,2026-04-13T13:00:00+08:00,13,FAC-SH-01,Shanghai,0.012601,13.2209,0.6883
TRD-00489,2026-04-13T13:00:00+08:00,13,FAC-CD-01,Chengdu,0.010833,10.2186,0.7089
TRD-00490,2026-04-13T14:00:00+08:00,14,FAC-SH-01,Shanghai,0.011094,11.143,0.6469
TRD-00491,2026-04-13T14:00:00+08:00,14,FAC-CD-01,Chengdu,0.016305,15.339,0.9114
TRD-00492,2026-04-13T14:00:00+08:00,14,FAC-SZ-01,Shenzhen,0.011313,11.3874,1.3778
TRD-00493,2026-04-13T15:00:00+08:00,15,FAC-CD-01,Chengdu,0.018409,17.6321,1.6423
TRD-00494,2026-04-13T15:00:00+08:00,15,FAC-SZ-01,Shenzhen,0.014024,13.2499,1.7431
TRD-00495,2026-04-13T15:00:00+08:00,15,FAC-HZ-01,Hangzhou,0.014739,15.4965,1.1915
TRD-00496,2026-04-13T16:00:00+08:00,16,FAC-SZ-01,Shenzhen,0.010212,10.8717,0.7923
TRD-00497,2026-04-13T16:00:00+08:00,16,FAC-HZ-01,Hangzhou,0.011009,10.7046,0.7194
TRD-00498,2026-04-13T16:00:00+08:00,16,FAC-SH-02,Shanghai,0.011522,10.8684,1.0217
TRD-00499,2026-04-13T17:00:00+08:00,17,FAC-HZ-01,Hangzhou,0.006471,6.6078,0.7273
TRD-00500,2026-04-13T17:00:00+08:00,17,FAC-SH-02,Shanghai,0.005655,5.3737,0.4926
TRD-00501,2026-04-13T17:00:00+08:00,17,FAC-BJ-01,Beijing,0.007161,7.2786,0.9045
TRD-00502,2026-04-13T18:00:00+08:00,18,FAC-SH-02,Shanghai,0.004099,4.3116,0.4917
TRD-00503,2026-04-13T18:00:00+08:00,18,FAC-BJ-01,Beijing,0.003783,3.89,0.5028
TRD-00504,2026-04-13T18:00:00+08:00,18,FAC-SH-01,Shanghai,0.005958,6.4316,0.336
TRD-00505,2026-04-13T19:00:00+08:00,19,FAC-BJ-01,Beijing,0.000812,0.8385,0.08
TRD-00506,2026-04-13T19:00:00+08:00,19,FAC-SH-01,Shanghai,0.000515,0.489,0.0393
TRD-00507,2026-04-13T19:00:00+08:00,19,FAC-CD-01,Chengdu,0.000891,0.9025,0.0779
TRD-00508,2026-04-14T07:00:00+08:00,7,FAC-SH-01,Shanghai,0.001893,1.7715,0.1337
TRD-00509,2026-04-14T07:00:00+08:00,7,FAC-CD-01,Chengdu,0.00106,1.0368,0.1443
TRD-00510,2026-04-14T07:00:00+08:00,7,FAC-SZ-01,Shenzhen,0.0011,1.0519,0.1155
TRD-00511,2026-04-14T08:00:00+08:00,8,FAC-CD-01,Chengdu,0.006352,6.2922,0.8397
TRD-00512,2026-04-14T08:00:00+08:00,8,FAC-SZ-01,Shenzhen,0.007534,8.051,0.8913
TRD-00513,2026-04-14T08:00:00+08:00,8,FAC-HZ-01,Hangzhou,0.00502,4.8564,0.5664
TRD-00514,2026-04-14T09:00:00+08:00,9,FAC-SZ-01,Shenzhen,0.009022,9.5564,1.0857
TRD-00515,2026-04-14T09:00:00+08:00,9,FAC-HZ-01,Hangzhou,0.012481,13.1043,0.7947
TRD-00516,2026-04-14T09:00:00+08:00,9,FAC-SH-02,Shanghai,0.005113,5.0486,0.3903
TRD-00517,2026-04-14T10:00:00+08:00,10,FAC-HZ-01,Hangzhou,0.006851,7.1356,0.81
TRD-00518,2026-04-14T10:00:00+08:00,10,FAC-SH-02,Shanghai,0.011011,11.7734,0.6665
TRD-00519,2026-04-14T10:00:00+08:00,10,FAC-BJ-01,Beijing,0.014695,14.0423,1.7939
TRD-00520,2026-04-14T11:00:00+08:00,11,FAC-SH-02,Shanghai,0.015411,14.9411,1.0375
TRD-00521,2026-04-14T11:00:00+08:00,11,FAC-BJ-01,Beijing,0.013207,13.6719,1.7602
TRD-00522,2026-04-14T11:00:00+08:00,11,FAC-SH-01,Shanghai,0.02272,21.5483,2.8226
TRD-00523,2026-04-14T12:00:00+08:00,12,FAC-BJ-01,Beijing,0.012445,12.8877,0.6784
TRD-00524,2026-04-14T12:00:00+08:00,12,FAC-SH-01,Shanghai,0.025345,25.4428,3.0883
TRD-00525,2026-04-14T12:00:00+08:00,12,FAC-CD-01,Chengdu,0.02744,28.1083,3.0111
TRD-00526,2026-04-14T13:00:00+08:00,13,FAC-SH-01,Shanghai,0.017934,17.5898,1.496
TRD-00527,2026-04-14T13:00:00+08:00,13,FAC-CD-01,Chengdu,0.019626,20.0275,1.8743
TRD-00528,2026-04-14T13:00:00+08:00,13,FAC-SZ-01,Shenzhen,0.020284,21.6054,2.0648
TRD-00529,2026-04-14T14:00:00+08:00,14,FAC-CD-01,Chengdu,0.016205,15.1406,1.8878
TRD-00530,2026-04-14T14:00:00+08:00,14,FAC-SZ-01,Shenzhen,0.025476,26.8464,1.4213
TRD-00531,2026-04-14T14:00:00+08:00,14,FAC-HZ-01,Hangzhou,0.023367,22.8132,3.1745
TRD-00532,2026-04-14T15:00:00+08:00,15,FAC-SZ-01,Shenzhen,0.025785,26.0141,2.4722
TRD-00533,2026-04-14T15:00:00+08:00,15,FAC-HZ-01,Hangzhou,0.01493,14.466,1.9207
TRD-00534,2026-04-14T15:00:00+08:00,15,FAC-SH-02,Shanghai,0.012509,13.0549,1.4955
TRD-00535,2026-04-14T16:00:00+08:00,16,FAC-HZ-01,Hangzhou,0.009413,9.116,1.0068
TRD-00536,2026-04-14T16:00:00+08:00,16,FAC-SH-02,Shanghai,0.010952,11.6344,1.4021
TRD-00537,2026-04-14T16:00:00+08:00,16,FAC-BJ-01,Beijing,0.012515,12.0226,0.7761
TRD-00538,2026-04-14T17:00:00+08:00,17,FAC-SH-02,Shanghai,0.006494,6.1258,0.6416
TRD-00539,2026-04-14T17:00:00+08:00,17,FAC-BJ-01,Beijing,0.006964,7.5004,0.4329
TRD-00540,2026-04-14T17:00:00+08:00,17,FAC-SH-01,Shanghai,0.008252,8.056,0.7955
TRD-00541,2026-04-14T18:00:00+08:00,18,FAC-BJ-01,Beijing,0.002998,2.798,0.1759
TRD-00542,2026-04-14T18:00:00+08:00,18,FAC-SH-01,Shanghai,0.003956,3.9095,0.4278
TRD-00543,2026-04-14T18:00:00+08:00,18,FAC-CD-01,Chengdu,0.003039,2.9146,0.3884
TRD-00544,2026-04-14T19:00:00+08:00,19,FAC-SH-01,Shanghai,0.000759,0.7759,0.0696
TRD-00545,2026-04-14T19:00:00+08:00,19,FAC-CD-01,Chengdu,0.000596,0.6046,0.0359
TRD-00546,2026-04-14T19:00:00+08:00,19,FAC-SZ-01,Shenzhen,0.000789,0.748,0.0983
TRD-00547,2026-04-15T07:00:00+08:00,7,FAC-CD-01,Chengdu,0.002648,2.5014,0.3132
TRD-00548,2026-04-15T07:00:00+08:00,7,FAC-SZ-01,Shenzhen,0.002048,2.1392,0.1879
TRD-00549,2026-04-15T07:00:00+08:00,7,FAC-HZ-01,Hangzhou,0.002788,2.5965,0.3315
TRD-00550,2026-04-15T08:00:00+08:00,8,FAC-SZ-01,Shenzhen,0.00628,6.7142,0.4586
TRD-00551,2026-04-15T08:00:00+08:00,8,FAC-HZ-01,Hangzhou,0.012651,12.3024,0.8798
TRD-00552,2026-04-15T08:00:00+08:00,8,FAC-SH-02,Shanghai,0.009842,9.673,1.263
TRD-00553,2026-04-15T09:00:00+08:00,9,FAC-HZ-01,Hangzhou,0.01219,12.37,0.892
TRD-00554,2026-04-15T09:00:00+08:00,9,FAC-SH-02,Shanghai,0.015313,15.3193,2.0823
TRD-00555,2026-04-15T09:00:00+08:00,9,FAC-BJ-01,Beijing,0.014439,13.7528,0.8912
TRD-00556,2026-04-15T10:00:00+08:00,10,FAC-SH-02,Shanghai,0.018892,17.888,1.1566
TRD-00557,2026-04-15T10:00:00+08:00,10,FAC-BJ-01,Beijing,0.020065,20.6043,1.79
TRD-00558,2026-04-15T10:00:00+08:00,10,FAC-SH-01,Shanghai,0.012871,13.6456,1.7098
TRD-00559,2026-04-15T11:00:00+08:00,11,FAC-BJ-01,Beijing,0.032639,34.6879,2.3991
TRD-00560,2026-04-15T11:00:00+08:00,11,FAC-SH-01,Shanghai,0.028753,28.968,3.737
TRD-00561,2026-04-15T11:00:00+08:00,11,FAC-CD-01,Chengdu,0.022215,21.9598,1.5036
TRD-00562,2026-04-15T12:00:00+08:00,12,FAC-SH-01,Shanghai,0.02507,25.9352,2.7115
TRD-00563,2026-04-15T12:00:00+08:00,12,FAC-CD-01,Chengdu,0.03166,31.0686,1.9767
TRD-00564,2026-04-15T12:00:00+08:00,12,FAC-SZ-01,Shenzhen,0.017767,18.2585,1.0033
TRD-00565,2026-04-15T13:00:00+08:00,13,FAC-CD-01,Chengdu,0.014419,14.6579,1.5224
TRD-00566,2026-04-15T13:00:00+08:00,13,FAC-SZ-01,Shenzhen,0.019324,18.8118,1.6985
TRD-00567,2026-04-15T13:00:00+08:00,13,FAC-HZ-01,Hangzhou,0.020274,21.3435,2.1208
TRD-00568,2026-04-15T14:00:00+08:00,14,FAC-SZ-01,Shenzhen,0.027641,26.6631,2.2042
TRD-00569,2026-04-15T14:00:00+08:00,14,FAC-HZ-01,Hangzhou,0.022902,23.6361,1.5048
TRD-00570,2026-04-15T14:00:00+08:00,14,FAC-SH-02,Shanghai,0.029618,28.5435,1.9903
TRD-00571,2026-04-15T15:00:00+08:00,15,FAC-HZ-01,Hangzhou,0.01188,12.7563,1.5778
TRD-00572,2026-04-15T15:00:00+08:00,15,FAC-SH-02,Shanghai,0.021949,23.6058,2.6799
TRD-00573,2026-04-15T15:00:00+08:00,15,FAC-BJ-01,Beijing,0.015625,15.3815,1.7989
TRD-00574,2026-04-15T16:00:00+08:00,16,FAC-SH-02,Shanghai,0.012709,12.8033,1.2913
TRD-00575,2026-04-15T16:00:00+08:00,16,FAC-BJ-01,Beijing,0.021429,22.2615,2.0147
TRD-00576,2026-04-15T16:00:00+08:00,16,FAC-SH-01,Shanghai,0.013736,12.888,1.7838
TRD-00577,2026-04-15T17:00:00+08:00,17,FAC-BJ-01,Beijing,0.009379,8.842,0.5988
TRD-00578,2026-04-15T17:00:00+08:00,17,FAC-SH-01,Shanghai,0.014074,13.2322,0.9695
TRD-00579,2026-04-15T17:00:00+08:00,17,FAC-CD-01,Chengdu,0.011094,11.606,0.7627
TRD-00580,2026-04-15T18:00:00+08:00,18,FAC-SH-01,Shanghai,0.003581,3.6825,0.2448
TRD-00581,2026-04-15T18:00:00+08:00,18,FAC-CD-01,Chengdu,0.002556,2.3986,0.3071
TRD-00582,2026-04-15T18:00:00+08:00,18,FAC-SZ-01,Shenzhen,0.006138,6.2527,0.7566
TRD-00583,2026-04-15T19:00:00+08:00,19,FAC-CD-01,Chengdu,0.000864,0.8262,0.079
TRD-00584,2026-04-15T19:00:00+08:00,19,FAC-SZ-01,Shenzhen,0.000855,0.8494,0.0667
TRD-00585,2026-04-15T19:00:00+08:00,19,FAC-HZ-01,Hangzhou,0.000565,0.593,0.0619
TRD-00586,2026-04-16T07:00:00+08:00,7,FAC-SZ-01,Shenzhen,0.001572,1.6364,0.1131
TRD-00587,2026-04-16T07:00:00+08:00,7,FAC-HZ-01,Hangzhou,0.001694,1.7326,0.1566
TRD-00588,2026-04-16T07:00:00+08:00,7,FAC-SH-02,Shanghai,0.001557,1.493,0.1349
TRD-00589,2026-04-16T08:00:00+08:00,8,FAC-HZ-01,Hangzhou,0.007244,7.4508,0.9037
TRD-00590,2026-04-16T08:00:00+08:00,8,FAC-SH-02,Shanghai,0.005496,5.7653,0.4196
TRD-00591,2026-04-16T08:00:00+08:00,8,FAC-BJ-01,Beijing,0.004577,4.274,0.4114
TRD-00592,2026-04-16T09:00:00+08:00,9,FAC-SH-02,Shanghai,0.009909,10.5894,1.1131
TRD-00593,2026-04-16T09:00:00+08:00,9,FAC-BJ-01,Beijing,0.015463,14.978,2.0921
TRD-00594,2026-04-16T09:00:00+08:00,9,FAC-SH-01,Shanghai,0.017674,18.3987,1.5363
TRD-00595,2026-04-16T10:00:00+08:00,10,FAC-BJ-01,Beijing,0.017499,17.8075,1.4754
TRD-00596,2026-04-16T10:00:00+08:00,10,FAC-SH-01,Shanghai,0.019571,20.5834,2.381
TRD-00597,2026-04-16T10:00:00+08:00,10,FAC-CD-01,Chengdu,0.010306,9.9797,1.1624
TRD-00598,2026-04-16T11:00:00+08:00,11,FAC-SH-01,Shanghai,0.014555,14.7114,1.4958
TRD-00599,2026-04-16T11:00:00+08:00,11,FAC-CD-01,Chengdu,0.022133,21.4929,1.9007
TRD-00600,2026-04-16T11:00:00+08:00,11,FAC-SZ-01,Shenzhen,0.027576,29.5419,3.3479
TRD-00601,2026-04-16T12:00:00+08:00,12,FAC-CD-01,Chengdu,0.011426,11.3386,0.9276
TRD-00602,2026-04-16T12:00:00+08:00,12,FAC-SZ-01,Shenzhen,0.01551,15.5689,1.626
TRD-00603,2026-04-16T12:00:00+08:00,12,FAC-HZ-01,Hangzhou,0.014325,15.2766,0.9513
TRD-00604,2026-04-16T13:00:00+08:00,13,FAC-SZ-01,Shenzhen,0.012728,13.3089,1.3371
TRD-00605,2026-04-16T13:00:00+08:00,13,FAC-HZ-01,Hangzhou,0.023947,24.4942,2.9885
TRD-00606,2026-04-16T13:00:00+08:00,13,FAC-SH-02,Shanghai,0.015909,15.795,1.1163
TRD-00607,2026-04-16T14:00:00+08:00,14,FAC-HZ-01,Hangzhou,0.007621,7.7257,0.4593
TRD-00608,2026-04-16T14:00:00+08:00,14,FAC-SH-02,Shanghai,0.01789,19.2428,1.8843
TRD-00609,2026-04-16T14:00:00+08:00,14,FAC-BJ-01,Beijing,0.01133,10.7068,0.7147
TRD-00610,2026-04-16T15:00:00+08:00,15,FAC-SH-02,Shanghai,0.008821,8.4704,0.6964
TRD-00611,2026-04-16T15:00:00+08:00,15,FAC-BJ-01,Beijing,0.009887,10.377,1.3283
TRD-00612,2026-04-16T15:00:00+08:00,15,FAC-SH-01,Shanghai,0.009244,9.4953,0.6343
TRD-00613,2026-04-16T16:00:00+08:00,16,FAC-BJ-01,Beijing,0.005558,5.999,0.3314
TRD-00614,2026-04-16T16:00:00+08:00,16,FAC-SH-01,Shanghai,0.007772,7.4796,0.5256
TRD-00615,2026-04-16T16:00:00+08:00,16,FAC-CD-01,Chengdu,0.007726,8.1503,0.7724
TRD-00616,2026-04-16T17:00:00+08:00,17,FAC-SH-01,Shanghai,0.007444,7.2785,1.0039
TRD-00617,2026-04-16T17:00:00+08:00,17,FAC-CD-01,Chengdu,0.007609,7.4341,0.5153
TRD-00618,2026-04-16T17:00:00+08:00,17,FAC-SZ-01,Shenzhen,0.005478,5.2647,0.6314
TRD-00619,2026-04-16T18:00:00+08:00,18,FAC-CD-01,Chengdu,0.004561,4.6201,0.2738
TRD-00620,2026-04-16T18:00:00+08:00,18,FAC-SZ-01,Shenzhen,0.002651,2.756,0.342
TRD-00621,2026-04-16T18:00:00+08:00,18,FAC-HZ-01,Hangzhou,0.004461,4.5086,0.2863
TRD-00622,2026-04-16T19:00:00+08:00,19,FAC-SZ-01,Shenzhen,0.00098,1.0125,0.0818
TRD-00623,2026-04-16T19:00:00+08:00,19,FAC-HZ-01,Hangzhou,0.000542,0.5778,0.0706
TRD-00624,2026-04-16T19:00:00+08:00,19,FAC-SH-02,Shanghai,0.000882,0.9197,0.106
TRD-00625,2026-04-17T07:00:00+08:00,7,FAC-HZ-01,Hangzhou,0.001362,1.3201,0.1284
TRD-00626,2026-04-17T07:00:00+08:00,7,FAC-SH-02,Shanghai,0.001675,1.7184,0.1703
TRD-00627,2026-04-17T07:00:00+08:00,7,FAC-BJ-01,Beijing,0.001649,1.6817,0.1145
TRD-00628,2026-04-17T08:00:00+08:00,8,FAC-SH-02,Shanghai,0.004207,4.2171,0.388
TRD-00629,2026-04-17T08:00:00+08:00,8,FAC-BJ-01,Beijing,0.004885,4.6477,0.3699
TRD-00630,2026-04-17T08:00:00+08:00,8,FAC-SH-01,Shanghai,0.007981,8.0828,0.4497
TRD-00631,2026-04-17T09:00:00+08:00,9,FAC-BJ-01,Beijing,0.015438,14.3801,1.893
TRD-00632,2026-04-17T09:00:00+08:00,9,FAC-SH-01,Shanghai,0.010901,11.2813,1.1521
TRD-00633,2026-04-17T09:00:00+08:00,9,FAC-CD-01,Chengdu,0.015013,14.1929,2.0007
TRD-00634,2026-04-17T10:00:00+08:00,10,FAC-SH-01,Shanghai,0.010821,11.2506,1.2236
TRD-00635,2026-04-17T10:00:00+08:00,10,FAC-CD-01,Chengdu,0.017219,17.709,1.7816
TRD-00636,2026-04-17T10:00:00+08:00,10,FAC-SZ-01,Shenzhen,0.008401,8.2783,0.5867
TRD-00637,2026-04-17T11:00:00+08:00,11,FAC-CD-01,Chengdu,0.012514,12.6671,0.7923
TRD-00638,2026-04-17T11:00:00+08:00,11,FAC-SZ-01,Shenzhen,0.024652,24.2868,2.8402
TRD-00639,2026-04-17T11:00:00+08:00,11,FAC-HZ-01,Hangzhou,0.015578,15.2116,1.9849
TRD-00640,2026-04-17T12:00:00+08:00,12,FAC-SZ-01,Shenzhen,0.01967,19.2224,1.805
TRD-00641,2026-04-17T12:00:00+08:00,12,FAC-HZ-01,Hangzhou,0.034398,32.5752,4.389
TRD-00642,2026-04-17T12:00:00+08:00,12,FAC-SH-02,Shanghai,0.024009,24.5126,1.6579
TRD-00643,2026-04-17T13:00:00+08:00,13,FAC-HZ-01,Hangzhou,0.014426,14.8255,1.9646
TRD-00644,2026-04-17T13:00:00+08:00,13,FAC-SH-02,Shanghai,0.028402,28.9916,3.7982
TRD-00645,2026-04-17T13:00:00+08:00,13,FAC-BJ-01,Beijing,0.018983,18.2615,1.5498
TRD-00646,2026-04-17T14:00:00+08:00,14,FAC-SH-02,Shanghai,0.035869,38.6535,4.9059
TRD-00647,2026-04-17T14:00:00+08:00,14,FAC-BJ-01,Beijing,0.023696,23.4815,3.0087
TRD-00648,2026-04-17T14:00:00+08:00,14,FAC-SH-01,Shanghai,0.014897,15.1367,1.5312
TRD-00649,2026-04-17T15:00:00+08:00,15,FAC-BJ-01,Beijing,0.014115,14.8661,1.465
TRD-00650,2026-04-17T15:00:00+08:00,15,FAC-SH-01,Shanghai,0.011513,12.3947,1.0719
TRD-00651,2026-04-17T15:00:00+08:00,15,FAC-CD-01,Chengdu,0.027137,28.3043,3.7006
TRD-00652,2026-04-17T16:00:00+08:00,16,FAC-SH-01,Shanghai,0.022151,21.1334,1.9235
TRD-00653,2026-04-17T16:00:00+08:00,16,FAC-CD-01,Chengdu,0.009125,9.5382,1.1649
TRD-00654,2026-04-17T16:00:00+08:00,16,FAC-SZ-01,Shenzhen,0.010688,11.4021,0.8939
TRD-00655,2026-04-17T17:00:00+08:00,17,FAC-CD-01,Chengdu,0.00844,8.1074,0.952
TRD-00656,2026-04-17T17:00:00+08:00,17,FAC-SZ-01,Shenzhen,0.010777,10.2455,0.6465
TRD-00657,2026-04-17T17:00:00+08:00,17,FAC-HZ-01,Hangzhou,0.010874,11.5451,0.9415
TRD-00658,2026-04-17T18:00:00+08:00,18,FAC-SZ-01,Shenzhen,0.006768,6.6953,0.4906
TRD-00659,2026-04-17T18:00:00+08:00,18,FAC-HZ-01,Hangzhou,0.005188,5.1858,0.3732
TRD-00660,2026-04-17T18:00:00+08:00,18,FAC-SH-02,Shanghai,0.004111,4.2279,0.4347
TRD-00661,2026-04-17T19:00:00+08:00,19,FAC-HZ-01,Hangzhou,0.000804,0.8159,0.1015
TRD-00662,2026-04-17T19:00:00+08:00,19,FAC-SH-02,Shanghai,0.000968,0.9805,0.0546
TRD-00663,2026-04-17T19:00:00+08:00,19,FAC-BJ-01,Beijing,0.000851,0.9008,0.047
TRD-00664,2026-04-18T07:00:00+08:00,7,FAC-SH-02,Shanghai,0.001991,2.1025,0.2321
TRD-00665,2026-04-18T07:00:00+08:00,7,FAC-BJ-01,Beijing,0.001643,1.7326,0.2186
TRD-00666,2026-04-18T07:00:00+08:00,7,FAC-SH-01,Shanghai,0.001974,1.9638,0.1812
TRD-00667,2026-04-18T08:00:00+08:00,8,FAC-BJ-01,Beijing,0.008833,9.2845,1.0976
TRD-00668,2026-04-18T08:00:00+08:00,8,FAC-SH-01,Shanghai,0.006239,6.5198,0.7683
TRD-00669,2026-04-18T08:00:00+08:00,8,FAC-CD-01,Chengdu,0.004021,3.9516,0.353
TRD-00670,2026-04-18T09:00:00+08:00,9,FAC-SH-01,Shanghai,0.008037,7.9091,0.6483
TRD-00671,2026-04-18T09:00:00+08:00,9,FAC-CD-01,Chengdu,0.008007,7.4902,0.9501
TRD-00672,2026-04-18T09:00:00+08:00,9,FAC-SZ-01,Shenzhen,0.008632,9.1627,1.0734
TRD-00673,2026-04-18T10:00:00+08:00,10,FAC-CD-01,Chengdu,0.016204,16.5199,1.4073
TRD-00674,2026-04-18T10:00:00+08:00,10,FAC-SZ-01,Shenzhen,0.013963,14.2293,1.8948
TRD-00675,2026-04-18T10:00:00+08:00,10,FAC-HZ-01,Hangzhou,0.026707,27.8582,3.5199
TRD-00676,2026-04-18T11:00:00+08:00,11,FAC-SZ-01,Shenzhen,0.014775,13.8383,1.0526
TRD-00677,2026-04-18T11:00:00+08:00,11,FAC-HZ-01,Hangzhou,0.016819,17.2828,2.2795
TRD-00678,2026-04-18T11:00:00+08:00,11,FAC-SH-02,Shanghai,0.024341,24.354,2.0326
TRD-00679,2026-04-18T12:00:00+08:00,12,FAC-HZ-01,Hangzhou,0.017668,16.6593,1.3877
TRD-00680,2026-04-18T12:00:00+08:00,12,FAC-SH-02,Shanghai,0.023914,25.2465,1.9218
TRD-00681,2026-04-18T12:00:00+08:00,12,FAC-BJ-01,Beijing,0.020635,21.8176,1.6571
TRD-00682,2026-04-18T13:00:00+08:00,13,FAC-SH-02,Shanghai,0.028792,30.894,1.7627
TRD-00683,2026-04-18T13:00:00+08:00,13,FAC-BJ-01,Beijing,0.014736,13.9105,1.0022
TRD-00684,2026-04-18T13:00:00+08:00,13,FAC-SH-01,Shanghai,0.038691,39.3233,3.2841
TRD-00685,2026-04-18T14:00:00+08:00,14,FAC-BJ-01,Beijing,0.040587,39.5321,3.358
TRD-00686,2026-04-18T14:00:00+08:00,14,FAC-SH-01,Shanghai,0.02287,21.5534,2.8644
TRD-00687,2026-04-18T14:00:00+08:00,14,FAC-CD-01,Chengdu,0.026837,28.5899,2.9755
TRD-00688,2026-04-18T15:00:00+08:00,15,FAC-SH-01,Shanghai,0.020355,19.8002,2.4549
TRD-00689,2026-04-18T15:00:00+08:00,15,FAC-CD-01,Chengdu,0.023816,24.2256,2.8031
TRD-00690,2026-04-18T15:00:00+08:00,15,FAC-SZ-01,Shenzhen,0.018851,19.5009,1.508
TRD-00691,2026-04-18T16:00:00+08:00,16,FAC-CD-01,Chengdu,0.011108,10.6973,0.8808
TRD-00692,2026-04-18T16:00:00+08:00,16,FAC-SZ-01,Shenzhen,0.012049,12.5496,1.6469
TRD-00693,2026-04-18T16:00:00+08:00,16,FAC-HZ-01,Hangzhou,0.022545,24.1473,1.4868
TRD-00694,2026-04-18T17:00:00+08:00,17,FAC-SZ-01,Shenzhen,0.01537,14.5608,1.2877
TRD-00695,2026-04-18T17:00:00+08:00,17,FAC-HZ-01,Hangzhou,0.014746,14.4272,1.6027
TRD-00696,2026-04-18T17:00:00+08:00,17,FAC-SH-02,Shanghai,0.009182,8.9665,0.6425
TRD-00697,2026-04-18T18:00:00+08:00,18,FAC-HZ-01,Hangzhou,0.006553,6.1671,0.4971
TRD-00698,2026-04-18T18:00:00+08:00,18,FAC-SH-02,Shanghai,0.005746,5.6754,0.4051
TRD-00699,2026-04-18T18:00:00+08:00,18,FAC-BJ-01,Beijing,0.00683,7.1219,0.3947
TRD-00700,2026-04-18T19:00:00+08:00,19,FAC-SH-02,Shanghai,0.000652,0.6389,0.0525
TRD-00701,2026-04-18T19:00:00+08:00,19,FAC-BJ-01,Beijing,0.000615,0.611,0.0454
TRD-00702,2026-04-18T19:00:00+08:00,19,FAC-SH-01,Shanghai,0.000779,0.8311,0.0935
TRD-00703,2026-04-19T07:00:00+08:00,7,FAC-BJ-01,Beijing,0.002523,2.6868,0.3425
TRD-00704,2026-04-19T07:00:00+08:00,7,FAC-SH-01,Shanghai,0.002267,2.4411,0.2917
TRD-00705,2026-04-19T07:00:00+08:00,7,FAC-CD-01,Chengdu,0.004986,5.0937,0.3078
TRD-00706,2026-04-19T08:00:00+08:00,8,FAC-SH-01,Shanghai,0.007237,7.2857,0.9613
TRD-00707,2026-04-19T08:00:00+08:00,8,FAC-CD-01,Chengdu,0.005435,5.3291,0.5141
TRD-00708,2026-04-19T08:00:00+08:00,8,FAC-SZ-01,Shenzhen,0.008242,8.4686,1.1175
TRD-00709,2026-04-19T09:00:00+08:00,9,FAC-CD-01,Chengdu,0.019639,19.7084,1.5295
TRD-00710,2026-04-19T09:00:00+08:00,9,FAC-SZ-01,Shenzhen,0.014099,14.5015,1.4025
TRD-00711,2026-04-19T09:00:00+08:00,9,FAC-HZ-01,Hangzhou,0.011402,12.2405,0.7337
TRD-00712,2026-04-19T10:00:00+08:00,10,FAC-SZ-01,Shenzhen,0.022238,23.8512,2.5154
TRD-00713,2026-04-19T10:00:00+08:00,10,FAC-HZ-01,Hangzhou,0.027754,28.5671,2.803
TRD-00714,2026-04-19T10:00:00+08:00,10,FAC-SH-02,Shanghai,0.028855,29.6317,3.3466
TRD-00715,2026-04-19T11:00:00+08:00,11,FAC-HZ-01,Hangzhou,0.024393,23.2991,2.9097
TRD-00716,2026-04-19T11:00:00+08:00,11,FAC-SH-02,Shanghai,0.017791,16.8117,1.9649
TRD-00717,2026-04-19T11:00:00+08:00,11,FAC-BJ-01,Beijing,0.030683,30.4459,3.0736
TRD-00718,2026-04-19T12:00:00+08:00,12,FAC-SH-02,Shanghai,0.019056,18.8859,1.4685
TRD-00719,2026-04-19T12:00:00+08:00,12,FAC-BJ-01,Beijing,0.041579,39.4658,2.9022
TRD-00720,2026-04-19T12:00:00+08:00,12,FAC-SH-01,Shanghai,0.025828,26.5299,3.2524
TRD-00721,2026-04-19T13:00:00+08:00,13,FAC-BJ-01,Beijing,0.028997,28.4196,2.8587
TRD-00722,2026-04-19T13:00:00+08:00,13,FAC-SH-01,Shanghai,0.016568,15.4331,1.6126
TRD-00723,2026-04-19T13:00:00+08:00,13,FAC-CD-01,Chengdu,0.021069,21.7259,2.4098
TRD-00724,2026-04-19T14:00:00+08:00,14,FAC-SH-01,Shanghai,0.012551,12.8531,1.6084
TRD-00725,2026-04-19T14:00:00+08:00,14,FAC-CD-01,Chengdu,0.013311,13.4526,1.5062
TRD-00726,2026-04-19T14:00:00+08:00,14,FAC-SZ-01,Shenzhen,0.032926,31.0423,2.9677
TRD-00727,2026-04-19T15:00:00+08:00,15,FAC-CD-01,Chengdu,0.018884,19.0521,1.3516
TRD-00728,2026-04-19T15:00:00+08:00,15,FAC-SZ-01,Shenzhen,0.01392,13.5559,1.1853
TRD-00729,2026-04-19T15:00:00+08:00,15,FAC-HZ-01,Hangzhou,0.016947,16.4968,1.9949
TRD-00730,2026-04-19T16:00:00+08:00,16,FAC-SZ-01,Shenzhen,0.020798,19.6683,1.2327
TRD-00731,2026-04-19T16:00:00+08:00,16,FAC-HZ-01,Hangzhou,0.014768,15.8581,1.369
TRD-00732,2026-04-19T16:00:00+08:00,16,FAC-SH-02,Shanghai,0.015742,15.9553,1.617
TRD-00733,2026-04-19T17:00:00+08:00,17,FAC-HZ-01,Hangzhou,0.008267,8.8843,0.5694
TRD-00734,2026-04-19T17:00:00+08:00,17,FAC-SH-02,Shanghai,0.011989,12.6283,1.5019
TRD-00735,2026-04-19T17:00:00+08:00,17,FAC-BJ-01,Beijing,0.005934,6.2907,0.7725
TRD-00736,2026-04-19T18:00:00+08:00,18,FAC-SH-02,Shanghai,0.003635,3.8633,0.3859
TRD-00737,2026-04-19T18:00:00+08:00,18,FAC-BJ-01,Beijing,0.003168,3.3609,0.1821
TRD-00738,2026-04-19T18:00:00+08:00,18,FAC-SH-01,Shanghai,0.003269,3.1986,0.3239
TRD-00739,2026-04-19T19:00:00+08:00,19,FAC-BJ-01,Beijing,0.000342,0.3305,0.0277
TRD-00740,2026-04-19T19:00:00+08:00,19,FAC-SH-01,Shanghai,0.000322,0.2995,0.0429
TRD-00741,2026-04-19T19:00:00+08:00,19,FAC-CD-01,Chengdu,0.000521,0.5491,0.0646
TRD-00742,2026-04-20T07:00:00+08:00,7,FAC-SH-01,Shanghai,0.001751,1.6934,0.1555
TRD-00743,2026-04-20T07:00:00+08:00,7,FAC-CD-01,Chengdu,0.002919,2.7845,0.1688
TRD-00744,2026-04-20T07:00:00+08:00,7,FAC-SZ-01,Shenzhen,0.003425,3.3322,0.1882
TRD-00745,2026-04-20T08:00:00+08:00,8,FAC-CD-01,Chengdu,0.008127,8.4187,0.9894
TRD-00746,2026-04-20T08:00:00+08:00,8,FAC-SZ-01,Shenzhen,0.010647,10.8527,1.169
TRD-00747,2026-04-20T08:00:00+08:00,8,FAC-HZ-01,Hangzhou,0.008528,9.1697,0.67
TRD-00748,2026-04-20T09:00:00+08:00,9,FAC-SZ-01,Shenzhen,0.015241,15.2725,1.6325
TRD-00749,2026-04-20T09:00:00+08:00,9,FAC-HZ-01,Hangzhou,0.015152,15.6287,1.9797
TRD-00750,2026-04-20T09:00:00+08:00,9,FAC-SH-02,Shanghai,0.008984,8.7682,0.576
TRD-00751,2026-04-20T10:00:00+08:00,10,FAC-HZ-01,Hangzhou,0.021251,20.734,1.6317
TRD-00752,2026-04-20T10:00:00+08:00,10,FAC-SH-02,Shanghai,0.02185,21.9231,2.9262
TRD-00753,2026-04-20T10:00:00+08:00,10,FAC-BJ-01,Beijing,0.020976,19.791,1.7754
TRD-00754,2026-04-20T11:00:00+08:00,11,FAC-SH-02,Shanghai,0.023009,22.373,2.5549
TRD-00755,2026-04-20T11:00:00+08:00,11,FAC-BJ-01,Beijing,0.033094,32.4851,3.6837
TRD-00756,2026-04-20T11:00:00+08:00,11,FAC-SH-01,Shanghai,0.019592,20.1871,2.6284
TRD-00757,2026-04-20T12:00:00+08:00,12,FAC-BJ-01,Beijing,0.033148,35.6611,1.9194
TRD-00758,2026-04-20T12:00:00+08:00,12,FAC-SH-01,Shanghai,0.026216,27.6465,1.6994
TRD-00759,2026-04-20T12:00:00+08:00,12,FAC-CD-01,Chengdu,0.017773,17.4154,1.682
TRD-00760,2026-04-20T13:00:00+08:00,13,FAC-SH-01,Shanghai,0.021083,19.8399,2.6286
TRD-00761,2026-04-20T13:00:00+08:00,13,FAC-CD-01,Chengdu,0.024068,22.4829,2.3248
TRD-00762,2026-04-20T13:00:00+08:00,13,FAC-SZ-01,Shenzhen,0.025152,26.5001,3.3179
TRD-00763,2026-04-20T14:00:00+08:00,14,FAC-CD-01,Chengdu,0.014942,14.4516,0.891
TRD-00764,2026-04-20T14:00:00+08:00,14,FAC-SZ-01,Shenzhen,0.016124,16.1284,0.9741
TRD-00765,2026-04-20T14:00:00+08:00,14,FAC-HZ-01,Hangzhou,0.025922,24.8356,3.4579
TRD-00766,2026-04-20T15:00:00+08:00,15,FAC-SZ-01,Shenzhen,0.011099,11.5908,0.8105
TRD-00767,2026-04-20T15:00:00+08:00,15,FAC-HZ-01,Hangzhou,0.026489,25.1202,2.921
TRD-00768,2026-04-20T15:00:00+08:00,15,FAC-SH-02,Shanghai,0.011435,11.1629,1.4024
TRD-00769,2026-04-20T16:00:00+08:00,16,FAC-HZ-01,Hangzhou,0.014463,13.7002,0.9354
TRD-00770,2026-04-20T16:00:00+08:00,16,FAC-SH-02,Shanghai,0.010794,10.9902,0.6079
TRD-00771,2026-04-20T16:00:00+08:00,16,FAC-BJ-01,Beijing,0.024642,24.717,1.3665
TRD-00772,2026-04-20T17:00:00+08:00,17,FAC-SH-02,Shanghai,0.009649,9.1635,0.5685
TRD-00773,2026-04-20T17:00:00+08:00,17,FAC-BJ-01,Beijing,0.016305,15.2608,1.9098
TRD-00774,2026-04-20T17:00:00+08:00,17,FAC-SH-01,Shanghai,0.008437,8.744,0.7891
TRD-00775,2026-04-20T18:00:00+08:00,18,FAC-BJ-01,Beijing,0.006932,6.5768,0.7751
TRD-00776,2026-04-20T18:00:00+08:00,18,FAC-SH-01,Shanghai,0.003331,3.3368,0.3497
TRD-00777,2026-04-20T18:00:00+08:00,18,FAC-CD-01,Chengdu,0.006374,6.3459,0.7727
TRD-00778,2026-04-20T19:00:00+08:00,19,FAC-SH-01,Shanghai,0.001005,0.9513,0.0746
TRD-00779,2026-04-20T19:00:00+08:00,19,FAC-CD-01,Chengdu,0.000545,0.5254,0.0497
TRD-00780,2026-04-20T19:00:00+08:00,19,FAC-SZ-01,Shenzhen,0.000819,0.8151,0.0932
TRD-00781,2026-04-21T07:00:00+08:00,7,FAC-CD-01,Chengdu,0.002106,2.1825,0.1219
TRD-00782,2026-04-21T07:00:00+08:00,7,FAC-SZ-01,Shenzhen,0.001942,1.953,0.1564
TRD-00783,2026-04-21T07:00:00+08:00,7,FAC-HZ-01,Hangzhou,0.002959,2.9518,0.2838
TRD-00784,2026-04-21T08:00:00+08:00,8,FAC-SZ-01,Shenzhen,0.006292,5.9176,0.4419
TRD-00785,2026-04-21T08:00:00+08:00,8,FAC-HZ-01,Hangzhou,0.005001,4.655,0.3111
TRD-00786,2026-04-21T08:00:00+08:00,8,FAC-SH-02,Shanghai,0.006514,6.2618,0.6696
TRD-00787,2026-04-21T09:00:00+08:00,9,FAC-HZ-01,Hangzhou,0.008126,8.534,0.9262
TRD-00788,2026-04-21T09:00:00+08:00,9,FAC-SH-02,Shanghai,0.013824,13.5575,0.7883
TRD-00789,2026-04-21T09:00:00+08:00,9,FAC-BJ-01,Beijing,0.009132,8.8547,0.8236
TRD-00790,2026-04-21T10:00:00+08:00,10,FAC-SH-02,Shanghai,0.017679,18.4476,1.1006
TRD-00791,2026-04-21T10:00:00+08:00,10,FAC-BJ-01,Beijing,0.018138,17.035,1.5862
TRD-00792,2026-04-21T10:00:00+08:00,10,FAC-SH-01,Shanghai,0.013743,13.6405,0.873
TRD-00793,2026-04-21T11:00:00+08:00,11,FAC-BJ-01,Beijing,0.021356,21.9212,1.354
TRD-00794,2026-04-21T11:00:00+08:00,11,FAC-SH-01,Shanghai,0.017915,18.7774,1.7987
TRD-00795,2026-04-21T11:00:00+08:00,11,FAC-CD-01,Chengdu,0.023065,23.8756,1.5721
TRD-00796,2026-04-21T12:00:00+08:00,12,FAC-SH-01,Shanghai,0.017447,17.37,1.5659
TRD-00797,2026-04-21T12:00:00+08:00,12,FAC-CD-01,Chengdu,0.014935,14.1197,0.9989
TRD-00798,2026-04-21T12:00:00+08:00,12,FAC-SZ-01,Shenzhen,0.030371,31.436,3.9129
TRD-00799,2026-04-21T13:00:00+08:00,13,FAC-CD-01,Chengdu,0.016063,16.5182,2.0805
TRD-00800,2026-04-21T13:00:00+08:00,13,FAC-SZ-01,Shenzhen,0.020864,21.7075,2.4511
TRD-00801,2026-04-21T13:00:00+08:00,13,FAC-HZ-01,Hangzhou,0.011906,12.5447,1.5576
TRD-00802,2026-04-21T14:00:00+08:00,14,FAC-SZ-01,Shenzhen,0.020798,19.9936,2.4034
TRD-00803,2026-04-21T14:00:00+08:00,14,FAC-HZ-01,Hangzhou,0.01399,13.5711,1.3006
TRD-00804,2026-04-21T14:00:00+08:00,14,FAC-SH-02,Shanghai,0.016007,17.2762,2.1739
TRD-00805,2026-04-21T15:00:00+08:00,15,FAC-HZ-01,Hangzhou,0.014856,15.0487,1.2224
TRD-00806,2026-04-21T15:00:00+08:00,15,FAC-SH-02,Shanghai,0.018758,19.5519,2.0489
TRD-00807,2026-04-21T15:00:00+08:00,15,FAC-BJ-01,Beijing,0.01208,12.191,1.047
TRD-00808,2026-04-21T16:00:00+08:00,16,FAC-SH-02,Shanghai,0.009314,10.0568,0.7687
TRD-00809,2026-04-21T16:00:00+08:00,16,FAC-BJ-01,Beijing,0.010694,10.1981,0.6103
TRD-00810,2026-04-21T16:00:00+08:00,16,FAC-SH-01,Shanghai,0.010336,10.6407,1.2854
TRD-00811,2026-04-21T17:00:00+08:00,17,FAC-BJ-01,Beijing,0.010439,10.9502,1.1529
TRD-00812,2026-04-21T17:00:00+08:00,17,FAC-SH-01,Shanghai,0.006054,6.0683,0.7015
TRD-00813,2026-04-21T17:00:00+08:00,17,FAC-CD-01,Chengdu,0.005544,5.9868,0.3322
TRD-00814,2026-04-21T18:00:00+08:00,18,FAC-SH-01,Shanghai,0.003946,3.9638,0.3316
TRD-00815,2026-04-21T18:00:00+08:00,18,FAC-CD-01,Chengdu,0.003095,3.3191,0.2568
TRD-00816,2026-04-21T18:00:00+08:00,18,FAC-SZ-01,Shenzhen,0.004966,5.1562,0.4229
TRD-00817,2026-04-21T19:00:00+08:00,19,FAC-CD-01,Chengdu,0.000811,0.8548,0.1109
TRD-00818,2026-04-21T19:00:00+08:00,19,FAC-SZ-01,Shenzhen,0.001058,1.1191,0.0577
TRD-00819,2026-04-21T19:00:00+08:00,19,FAC-HZ-01,Hangzhou,0.0004,0.4263,0.047
TRD-00820,2026-04-22T07:00:00+08:00,7,FAC-SZ-01,Shenzhen,0.001656,1.6269,0.1744
TRD-00821,2026-04-22T07:00:00+08:00,7,FAC-HZ-01,Hangzhou,0.001743,1.7763,0.1288
TRD-00822,2026-04-22T07:00:00+08:00,7,FAC-SH-02,Shanghai,0.002434,2.4918,0.1748
TRD-00823,2026-04-22T08:00:00+08:00,8,FAC-HZ-01,Hangzhou,0.00586,5.9935,0.7492
TRD-00824,2026-04-22T08:00:00+08:00,8,FAC-SH-02,Shanghai,0.00644,6.9498,0.5327
TRD-00825,2026-04-22T08:00:00+08:00,8,FAC-BJ-01,Beijing,0.004904,5.0797,0.3709
TRD-00826,2026-04-22T09:00:00+08:00,9,FAC-SH-02,Shanghai,0.005749,6.0375,0.3701
TRD-00827,2026-04-22T09:00:00+08:00,9,FAC-BJ-01,Beijing,0.010732,11.384,1.1746
TRD-00828,2026-04-22T09:00:00+08:00,9,FAC-SH-01,Shanghai,0.006455,6.3793,0.4095
TRD-00829,2026-04-22T10:00:00+08:00,10,FAC-BJ-01,Beijing,0.015471,14.8433,1.4694
TRD-00830,2026-04-22T10:00:00+08:00,10,FAC-SH-01,Shanghai,0.007884,7.6955,0.519
TRD-00831,2026-04-22T10:00:00+08:00,10,FAC-CD-01,Chengdu,0.012032,12.2313,1.4622
TRD-00832,2026-04-22T11:00:00+08:00,11,FAC-SH-01,Shanghai,0.012314,13.1282,1.222
TRD-00833,2026-04-22T11:00:00+08:00,11,FAC-CD-01,Chengdu,0.01384,13.6373,1.7518
TRD-00834,2026-04-22T11:00:00+08:00,11,FAC-SZ-01,Shenzhen,0.013293,13.2279,0.8958
TRD-00835,2026-04-22T12:00:00+08:00,12,FAC-CD-01,Chengdu,0.01772,19.0235,1.3069
TRD-00836,2026-04-22T12:00:00+08:00,12,FAC-SZ-01,Shenzhen,0.015734,14.7486,0.9433
TRD-00837,2026-04-22T12:00:00+08:00,12,FAC-HZ-01,Hangzhou,0.015308,15.4326,2.0119
TRD-00838,2026-04-22T13:00:00+08:00,13,FAC-SZ-01,Shenzhen,0.010151,10.3679,1.0716
TRD-00839,2026-04-22T13:00:00+08:00,13,FAC-HZ-01,Hangzhou,0.022566,21.6643,2.6058
TRD-00840,2026-04-22T13:00:00+08:00,13,FAC-SH-02,Shanghai,0.016905,17.7679,1.478
TRD-00841,2026-04-22T14:00:00+08:00,14,FAC-HZ-01,Hangzhou,0.011385,11.7631,1.3076
TRD-00842,2026-04-22T14:00:00+08:00,14,FAC-SH-02,Shanghai,0.016491,17.5667,1.055
TRD-00843,2026-04-22T14:00:00+08:00,14,FAC-BJ-01,Beijing,0.014014,14.1056,1.5505
TRD-00844,2026-04-22T15:00:00+08:00,15,FAC-SH-02,Shanghai,0.010985,10.8278,0.8702
TRD-00845,2026-04-22T15:00:00+08:00,15,FAC-BJ-01,Beijing,0.017272,16.2479,1.524
TRD-00846,2026-04-22T15:00:00+08:00,15,FAC-SH-01,Shanghai,0.010309,11.0772,0.7798
TRD-00847,2026-04-22T16:00:00+08:00,16,FAC-BJ-01,Beijing,0.014323,13.5801,1.1295
TRD-00848,2026-04-22T16:00:00+08:00,16,FAC-SH-01,Shanghai,0.011644,11.5209,0.6849
TRD-00849,2026-04-22T16:00:00+08:00,16,FAC-CD-01,Chengdu,0.013418,13.2341,1.5037
TRD-00850,2026-04-22T17:00:00+08:00,17,FAC-SH-01,Shanghai,0.012294,12.6698,0.9004
TRD-00851,2026-04-22T17:00:00+08:00,17,FAC-CD-01,Chengdu,0.0091,9.2233,0.7716
TRD-00852,2026-04-22T17:00:00+08:00,17,FAC-SZ-01,Shenzhen,0.005693,5.3522,0.5264
TRD-00853,2026-04-22T18:00:00+08:00,18,FAC-CD-01,Chengdu,0.003269,3.2291,0.33
TRD-00854,2026-04-22T18:00:00+08:00,18,FAC-SZ-01,Shenzhen,0.002599,2.4696,0.2424
TRD-00855,2026-04-22T18:00:00+08:00,18,FAC-HZ-01,Hangzhou,0.002323,2.4879,0.1736
TRD-00856,2026-04-22T19:00:00+08:00,19,FAC-SZ-01,Shenzhen,0.000248,0.26,0.0152
TRD-00857,2026-04-22T19:00:00+08:00,19,FAC-HZ-01,Hangzhou,0.000456,0.4774,0.0427
TRD-00858,2026-04-22T19:00:00+08:00,19,FAC-SH-02,Shanghai,0.000608,0.6123,0.053
TRD-00859,2026-04-23T07:00:00+08:00,7,FAC-HZ-01,Hangzhou,0.001771,1.816,0.2136
TRD-00860,2026-04-23T07:00:00+08:00,7,FAC-SH-02,Shanghai,0.001938,1.9741,0.2593
TRD-00861,2026-04-23T07:00:00+08:00,7,FAC-BJ-01,Beijing,0.002987,3.1237,0.3772
TRD-00862,2026-04-23T08:00:00+08:00,8,FAC-SH-02,Shanghai,0.009297,9.7639,1.0218
TRD-00863,2026-04-23T08:00:00+08:00,8,FAC-BJ-01,Beijing,0.006792,6.5922,0.6469
TRD-00864,2026-04-23T08:00:00+08:00,8,FAC-SH-01,Shanghai,0.004241,4.4446,0.2984
TRD-00865,2026-04-23T09:00:00+08:00,9,FAC-BJ-01,Beijing,0.015395,16.5061,2.106
TRD-00866,2026-04-23T09:00:00+08:00,9,FAC-SH-01,Shanghai,0.011054,11.071,0.6013
TRD-00867,2026-04-23T09:00:00+08:00,9,FAC-CD-01,Chengdu,0.010313,10.4382,1.0035
TRD-00868,2026-04-23T10:00:00+08:00,10,FAC-SH-01,Shanghai,0.009002,9.6028,0.5297
TRD-00869,2026-04-23T10:00:00+08:00,10,FAC-CD-01,Chengdu,0.016737,17.0021,1.4958
TRD-00870,2026-04-23T10:00:00+08:00,10,FAC-SZ-01,Shenzhen,0.009355,9.713,0.8944
TRD-00871,2026-04-23T11:00:00+08:00,11,FAC-CD-01,Chengdu,0.009691,9.7347,0.9551
TRD-00872,2026-04-23T11:00:00+08:00,11,FAC-SZ-01,Shenzhen,0.027239,25.9922,3.6924
TRD-00873,2026-04-23T11:00:00+08:00,11,FAC-HZ-01,Hangzhou,0.020021,20.29,2.2393
TRD-00874,2026-04-23T12:00:00+08:00,12,FAC-SZ-01,Shenzhen,0.022025,20.6956,2.5424
TRD-00875,2026-04-23T12:00:00+08:00,12,FAC-HZ-01,Hangzhou,0.017267,18.2268,2.0209
TRD-00876,2026-04-23T12:00:00+08:00,12,FAC-SH-02,Shanghai,0.014181,13.3898,1.7145
TRD-00877,2026-04-23T13:00:00+08:00,13,FAC-HZ-01,Hangzhou,0.025148,24.5326,1.8778
TRD-00878,2026-04-23T13:00:00+08:00,13,FAC-SH-02,Shanghai,0.017912,16.8101,2.091
TRD-00879,2026-04-23T13:00:00+08:00,13,FAC-BJ-01,Beijing,0.020072,20.1476,1.6887
TRD-00880,2026-04-23T14:00:00+08:00,14,FAC-SH-02,Shanghai,0.01114,11.5904,1.4681
TRD-00881,2026-04-23T14:00:00+08:00,14,FAC-BJ-01,Beijing,0.026274,26.6427,1.8275
TRD-00882,2026-04-23T14:00:00+08:00,14,FAC-SH-01,Shanghai,0.015538,15.3319,1.029
TRD-00883,2026-04-23T15:00:00+08:00,15,FAC-BJ-01,Beijing,0.020935,19.5597,1.5385
TRD-00884,2026-04-23T15:00:00+08:00,15,FAC-SH-01,Shanghai,0.019462,18.6494,1.7621
TRD-00885,2026-04-23T15:00:00+08:00,15,FAC-CD-01,Chengdu,0.014625,15.2351,1.4154
TRD-00886,2026-04-23T16:00:00+08:00,16,FAC-SH-01,Shanghai,0.010831,11.0347,0.6739
TRD-00887,2026-04-23T16:00:00+08:00,16,FAC-CD-01,Chengdu,0.008221,7.8803,0.9123
TRD-00888,2026-04-23T16:00:00+08:00,16,FAC-SZ-01,Shenzhen,0.009577,10.009,0.5683
TRD-00889,2026-04-23T17:00:00+08:00,17,FAC-CD-01,Chengdu,0.008024,7.7526,0.5546
TRD-00890,2026-04-23T17:00:00+08:00,17,FAC-SZ-01,Shenzhen,0.010836,11.0983,0.889
TRD-00891,2026-04-23T17:00:00+08:00,17,FAC-HZ-01,Hangzhou,0.007716,7.7519,0.7352
TRD-00892,2026-04-23T18:00:00+08:00,18,FAC-SZ-01,Shenzhen,0.003302,3.1184,0.2958
TRD-00893,2026-04-23T18:00:00+08:00,18,FAC-HZ-01,Hangzhou,0.004093,4.2554,0.4475
TRD-00894,2026-04-23T18:00:00+08:00,18,FAC-SH-02,Shanghai,0.002916,3.1259,0.3852
TRD-00895,2026-04-23T19:00:00+08:00,19,FAC-HZ-01,Hangzhou,0.000479,0.5175,0.0298
TRD-00896,2026-04-23T19:00:00+08:00,19,FAC-SH-02,Shanghai,0.000893,0.9199,0.0796
TRD-00897,2026-04-23T19:00:00+08:00,19,FAC-BJ-01,Beijing,0.000888,0.8519,0.114
TRD-00898,2026-04-24T06:00:00+08:00,6,FAC-SH-02,Shanghai,0.000344,0.3214,0.0196
TRD-00899,2026-04-24T06:00:00+08:00,6,FAC-BJ-01,Beijing,0.000504,0.4855,0.0472
TRD-00900,2026-04-24T06:00:00+08:00,6,FAC-SH-01,Shanghai,0.000281,0.2689,0.0353
TRD-00901,2026-04-24T07:00:00+08:00,7,FAC-BJ-01,Beijing,0.005755,5.6401,0.379
TRD-00902,2026-04-24T07:00:00+08:00,7,FAC-SH-01,Shanghai,0.003871,3.8338,0.488
TRD-00903,2026-04-24T07:00:00+08:00,7,FAC-CD-01,Chengdu,0.002573,2.6702,0.2755
TRD-00904,2026-04-24T08:00:00+08:00,8,FAC-SH-01,Shanghai,0.007756,7.962,0.8307
TRD-00905,2026-04-24T08:00:00+08:00,8,FAC-CD-01,Chengdu,0.010088,10.4457,0.8923
TRD-00906,2026-04-24T08:00:00+08:00,8,FAC-SZ-01,Shenzhen,0.011422,10.9129,1.3936
TRD-00907,2026-04-24T09:00:00+08:00,9,FAC-CD-01,Chengdu,0.010011,9.3545,0.8429
TRD-00908,2026-04-24T09:00:00+08:00,9,FAC-SZ-01,Shenzhen,0.010635,10.9201,1.1108
TRD-00909,2026-04-24T09:00:00+08:00,9,FAC-HZ-01,Hangzhou,0.017641,16.9302,1.7237
TRD-00910,2026-04-24T10:00:00+08:00,10,FAC-SZ-01,Shenzhen,0.013789,13.9926,1.0218
TRD-00911,2026-04-24T10:00:00+08:00,10,FAC-HZ-01,Hangzhou,0.025433,26.034,2.0984
TRD-00912,2026-04-24T10:00:00+08:00,10,FAC-SH-02,Shanghai,0.020121,20.8747,2.0272
TRD-00913,2026-04-24T11:00:00+08:00,11,FAC-HZ-01,Hangzhou,0.01338,14.1899,0.9788
TRD-00914,2026-04-24T11:00:00+08:00,11,FAC-SH-02,Shanghai,0.031384,29.4586,3.1667
TRD-00915,2026-04-24T11:00:00+08:00,11,FAC-BJ-01,Beijing,0.032838,32.8291,3.3382
TRD-00916,2026-04-24T12:00:00+08:00,12,FAC-SH-02,Shanghai,0.026245,28.1787,2.8687
TRD-00917,2026-04-24T12:00:00+08:00,12,FAC-BJ-01,Beijing,0.029285,29.2288,3.6319
TRD-00918,2026-04-24T12:00:00+08:00,12,FAC-SH-01,Shanghai,0.0231,23.6113,1.7412
TRD-00919,2026-04-24T13:00:00+08:00,13,FAC-BJ-01,Beijing,0.040651,38.797,5.2149
TRD-00920,2026-04-24T13:00:00+08:00,13,FAC-SH-01,Shanghai,0.034715,36.5562,4.2538
TRD-00921,2026-04-24T13:00:00+08:00,13,FAC-CD-01,Chengdu,0.019583,20.8825,2.4
TRD-00922,2026-04-24T14:00:00+08:00,14,FAC-SH-01,Shanghai,0.01826,19.6098,2.0668
TRD-00923,2026-04-24T14:00:00+08:00,14,FAC-CD-01,Chengdu,0.032163,33.4416,1.9469
TRD-00924,2026-04-24T14:00:00+08:00,14,FAC-SZ-01,Shenzhen,0.015611,16.3214,1.0903
TRD-00925,2026-04-24T15:00:00+08:00,15,FAC-CD-01,Chengdu,0.023654,22.9005,1.7176
TRD-00926,2026-04-24T15:00:00+08:00,15,FAC-SZ-01,Shenzhen,0.032176,31.4713,2.0129
TRD-00927,2026-04-24T15:00:00+08:00,15,FAC-HZ-01,Hangzhou,0.026866,25.5998,2.5517
TRD-00928,2026-04-24T16:00:00+08:00,16,FAC-SZ-01,Shenzhen,0.013704,13.2898,0.8754
TRD-00929,2026-04-24T16:00:00+08:00,16,FAC-HZ-01,Hangzhou,0.009004,9.6999,0.4863
TRD-00930,2026-04-24T16:00:00+08:00,16,FAC-SH-02,Shanghai,0.016404,15.2959,1.0004
TRD-00931,2026-04-24T17:00:00+08:00,17,FAC-HZ-01,Hangzhou,0.005714,5.8668,0.7342
TRD-00932,2026-04-24T17:00:00+08:00,17,FAC-SH-02,Shanghai,0.010109,10.5805,0.6736
TRD-00933,2026-04-24T17:00:00+08:00,17,FAC-BJ-01,Beijing,0.009847,9.845,1.2516
TRD-00934,2026-04-24T18:00:00+08:00,18,FAC-SH-02,Shanghai,0.007036,7.5667,0.7555
TRD-00935,2026-04-24T18:00:00+08:00,18,FAC-BJ-01,Beijing,0.004689,4.7248,0.554
TRD-00936,2026-04-24T18:00:00+08:00,18,FAC-SH-01,Shanghai,0.005888,6.1199,0.7077
TRD-00937,2026-04-24T19:00:00+08:00,19,FAC-BJ-01,Beijing,0.000961,0.9361,0.0688
TRD-00938,2026-04-24T19:00:00+08:00,19,FAC-SH-01,Shanghai,0.001124,1.1336,0.0898
TRD-00939,2026-04-24T19:00:00+08:00,19,FAC-CD-01,Chengdu,0.000855,0.8377,0.0544
TRD-00940,2026-04-25T06:00:00+08:00,6,FAC-SH-01,Shanghai,0.000493,0.5198,0.053
TRD-00941,2026-04-25T06:00:00+08:00,6,FAC-CD-01,Chengdu,0.000276,0.2928,0.0365
TRD-00942,2026-04-25T06:00:00+08:00,6,FAC-SZ-01,Shenzhen,0.000626,0.6551,0.0853
TRD-00943,2026-04-25T07:00:00+08:00,7,FAC-CD-01,Chengdu,0.003933,3.9579,0.468
TRD-00944,2026-04-25T07:00:00+08:00,7,FAC-SZ-01,Shenzhen,0.004896,5.0056,0.6085
TRD-00945,2026-04-25T07:00:00+08:00,7,FAC-HZ-01,Hangzhou,0.00644,6.23,0.8294
TRD-00946,2026-04-25T08:00:00+08:00,8,FAC-SZ-01,Shenzhen,0.014062,14.9844,1.1751
TRD-00947,2026-04-25T08:00:00+08:00,8,FAC-HZ-01,Hangzhou,0.011886,11.9229,1.477
TRD-00948,2026-04-25T08:00:00+08:00,8,FAC-SH-02,Shanghai,0.015877,14.8341,1.7211
TRD-00949,2026-04-25T09:00:00+08:00,9,FAC-HZ-01,Hangzhou,0.0122,11.7308,1.3404
TRD-00950,2026-04-25T09:00:00+08:00,9,FAC-SH-02,Shanghai,0.013765,13.6116,1.2501
TRD-00951,2026-04-25T09:00:00+08:00,9,FAC-BJ-01,Beijing,0.023029,23.2793,1.2769
TRD-00952,2026-04-25T10:00:00+08:00,10,FAC-SH-02,Shanghai,0.013295,12.7066,1.5146
TRD-00953,2026-04-25T10:00:00+08:00,10,FAC-BJ-01,Beijing,0.030941,29.5333,3.5803
TRD-00954,2026-04-25T10:00:00+08:00,10,FAC-SH-01,Shanghai,0.019171,18.6622,1.6322
TRD-00955,2026-04-25T11:00:00+08:00,11,FAC-BJ-01,Beijing,0.035617,34.4311,4.1333
TRD-00956,2026-04-25T11:00:00+08:00,11,FAC-SH-01,Shanghai,0.030616,32.5974,2.3395
TRD-00957,2026-04-25T11:00:00+08:00,11,FAC-CD-01,Chengdu,0.033142,33.5461,2.4153
TRD-00958,2026-04-25T12:00:00+08:00,12,FAC-SH-01,Shanghai,0.031854,34.1381,4.2999
TRD-00959,2026-04-25T12:00:00+08:00,12,FAC-CD-01,Chengdu,0.029476,28.2659,2.2372
TRD-00960,2026-04-25T12:00:00+08:00,12,FAC-SZ-01,Shenzhen,0.030187,28.7522,2.2872
TRD-00961,2026-04-25T13:00:00+08:00,13,FAC-CD-01,Chengdu,0.030804,28.8442,4.0798
TRD-00962,2026-04-25T13:00:00+08:00,13,FAC-SZ-01,Shenzhen,0.036119,38.3054,4.0391
TRD-00963,2026-04-25T13:00:00+08:00,13,FAC-HZ-01,Hangzhou,0.041672,39.1177,5.3307
TRD-00964,2026-04-25T14:00:00+08:00,14,FAC-SZ-01,Shenzhen,0.017132,17.2566,1.6017
TRD-00965,2026-04-25T14:00:00+08:00,14,FAC-HZ-01,Hangzhou,0.022397,22.3692,2.111
TRD-00966,2026-04-25T14:00:00+08:00,14,FAC-SH-02,Shanghai,0.024481,23.8754,1.5293
TRD-00967,2026-04-25T15:00:00+08:00,15,FAC-HZ-01,Hangzhou,0.015123,15.88,1.2973
TRD-00968,2026-04-25T15:00:00+08:00,15,FAC-SH-02,Shanghai,0.03491,35.7616,3.0181
TRD-00969,2026-04-25T15:00:00+08:00,15,FAC-BJ-01,Beijing,0.022137,21.1377,2.7032
TRD-00970,2026-04-25T16:00:00+08:00,16,FAC-SH-02,Shanghai,0.014712,15.8849,0.8757
TRD-00971,2026-04-25T16:00:00+08:00,16,FAC-BJ-01,Beijing,0.016468,16.1179,2.0938
TRD-00972,2026-04-25T16:00:00+08:00,16,FAC-SH-01,Shanghai,0.015764,16.8066,1.5311
TRD-00973,2026-04-25T17:00:00+08:00,17,FAC-BJ-01,Beijing,0.012625,13.1808,1.6701
TRD-00974,2026-04-25T17:00:00+08:00,17,FAC-SH-01,Shanghai,0.014316,15.0026,1.8817
TRD-00975,2026-04-25T17:00:00+08:00,17,FAC-CD-01,Chengdu,0.011534,11.708,0.9421
TRD-00976,2026-04-25T18:00:00+08:00,18,FAC-SH-01,Shanghai,0.003343,3.204,0.4201
TRD-00977,2026-04-25T18:00:00+08:00,18,FAC-CD-01,Chengdu,0.004616,4.5565,0.4569
TRD-00978,2026-04-25T18:00:00+08:00,18,FAC-SZ-01,Shenzhen,0.003237,3.0436,0.4226
TRD-00979,2026-04-25T19:00:00+08:00,19,FAC-CD-01,Chengdu,0.000798,0.8036,0.0532
TRD-00980,2026-04-25T19:00:00+08:00,19,FAC-SZ-01,Shenzhen,0.000921,0.978,0.0855
TRD-00981,2026-04-25T19:00:00+08:00,19,FAC-HZ-01,Hangzhou,0.001341,1.2727,0.0975
TRD-00982,2026-04-26T06:00:00+08:00,6,FAC-SZ-01,Shenzhen,0.000711,0.7537,0.0897
TRD-00983,2026-04-26T06:00:00+08:00,6,FAC-HZ-01,Hangzhou,0.000405,0.4352,0.0272
TRD-00984,2026-04-26T06:00:00+08:00,6,FAC-SH-02,Shanghai,0.000763,0.7268,0.0741
TRD-00985,2026-04-26T07:00:00+08:00,7,FAC-HZ-01,Hangzhou,0.006813,6.6329,0.3906
TRD-00986,2026-04-26T07:00:00+08:00,7,FAC-SH-02,Shanghai,0.005112,5.1514,0.3115
TRD-00987,2026-04-26T07:00:00+08:00,7,FAC-BJ-01,Beijing,0.006065,5.8751,0.3728
TRD-00988,2026-04-26T08:00:00+08:00,8,FAC-SH-02,Shanghai,0.013281,13.6871,0.7364
TRD-00989,2026-04-26T08:00:00+08:00,8,FAC-BJ-01,Beijing,0.008804,8.8776,0.8341
TRD-00990,2026-04-26T08:00:00+08:00,8,FAC-SH-01,Shanghai,0.013932,14.0896,1.1675
TRD-00991,2026-04-26T09:00:00+08:00,9,FAC-BJ-01,Beijing,0.011598,12.2817,1.2964
TRD-00992,2026-04-26T09:00:00+08:00,9,FAC-SH-01,Shanghai,0.018098,18.3282,1.9935
TRD-00993,2026-04-26T09:00:00+08:00,9,FAC-CD-01,Chengdu,0.016242,17.3486,1.362
TRD-00994,2026-04-26T10:00:00+08:00,10,FAC-SH-01,Shanghai,0.029053,30.7232,2.1659
TRD-00995,2026-04-26T10:00:00+08:00,10,FAC-CD-01,Chengdu,0.029276,28.237,2.7814
TRD-00996,2026-04-26T10:00:00+08:00,10,FAC-SZ-01,Shenzhen,0.026214,26.5688,3.3863
TRD-00997,2026-04-26T11:00:00+08:00,11,FAC-CD-01,Chengdu,0.024608,23.1391,2.1806
TRD-00998,2026-04-26T11:00:00+08:00,11,FAC-SZ-01,Shenzhen,0.028839,31.0459,3.4182
TRD-00999,2026-04-26T11:00:00+08:00,11,FAC-HZ-01,Hangzhou,0.023501,23.2077,2.8478
TRD-01000,2026-04-26T12:00:00+08:00,12,FAC-SZ-01,Shenzhen,0.023823,23.0697,2.6563
TRD-01001,2026-04-26T12:00:00+08:00,12,FAC-HZ-01,Hangzhou,0.022657,22.2322,1.7672
TRD-01002,2026-04-26T12:00:00+08:00,12,FAC-SH-02,Shanghai,0.015669,15.268,1.4701
TRD-01003,2026-04-26T13:00:00+08:00,13,FAC-HZ-01,Hangzhou,0.018936,19.2752,1.6798
TRD-01004,2026-04-26T13:00:00+08:00,13,FAC-SH-02,Shanghai,0.022502,23.0388,1.4115
TRD-01005,2026-04-26T13:00:00+08:00,13,FAC-BJ-01,Beijing,0.033114,31.1774,3.3489
TRD-01006,2026-04-26T14:00:00+08:00,14,FAC-SH-02,Shanghai,0.019344,18.0046,1.6932
TRD-01007,2026-04-26T14:00:00+08:00,14,FAC-BJ-01,Beijing,0.023554,22.0202,1.7809
TRD-01008,2026-04-26T14:00:00+08:00,14,FAC-SH-01,Shanghai,0.032255,32.4963,3.8011
TRD-01009,2026-04-26T15:00:00+08:00,15,FAC-BJ-01,Beijing,0.022643,22.0292,2.7111
TRD-01010,2026-04-26T15:00:00+08:00,15,FAC-SH-01,Shanghai,0.029532,27.9813,1.843
TRD-01011,2026-04-26T15:00:00+08:00,15,FAC-CD-01,Chengdu,0.02057,20.4257,2.0191
TRD-01012,2026-04-26T16:00:00+08:00,16,FAC-SH-01,Shanghai,0.019492,21.0461,1.8173
TRD-01013,2026-04-26T16:00:00+08:00,16,FAC-CD-01,Chengdu,0.01365,14.3453,1.1967
TRD-01014,2026-04-26T16:00:00+08:00,16,FAC-SZ-01,Shenzhen,0.021281,21.2235,1.3081
TRD-01015,2026-04-26T17:00:00+08:00,17,FAC-CD-01,Chengdu,0.017065,17.6322,1.8852
TRD-01016,2026-04-26T17:00:00+08:00,17,FAC-SZ-01,Shenzhen,0.011164,11.4432,0.8158
TRD-01017,2026-04-26T17:00:00+08:00,17,FAC-HZ-01,Hangzhou,0.009362,9.8419,0.6075
TRD-01018,2026-04-26T18:00:00+08:00,18,FAC-SZ-01,Shenzhen,0.005885,6.0999,0.6073
TRD-01019,2026-04-26T18:00:00+08:00,18,FAC-HZ-01,Hangzhou,0.006036,5.7605,0.799
TRD-01020,2026-04-26T18:00:00+08:00,18,FAC-SH-02,Shanghai,0.006447,6.142,0.4689
TRD-01021,2026-04-26T19:00:00+08:00,19,FAC-HZ-01,Hangzhou,0.000589,0.5729,0.0517
TRD-01022,2026-04-26T19:00:00+08:00,19,FAC-SH-02,Shanghai,0.000482,0.5121,0.0416
TRD-01023,2026-04-26T19:00:00+08:00,19,FAC-BJ-01,Beijing,0.00065,0.6413,0.0382
TRD-01024,2026-04-27T06:00:00+08:00,6,FAC-SH-02,Shanghai,0.000754,0.8037,0.0585
TRD-01025,2026-04-27T06:00:00+08:00,6,FAC-BJ-01,Beijing,0.00075,0.7611,0.0483
TRD-01026,2026-04-27T06:00:00+08:00,6,FAC-SH-01,Shanghai,0.000418,0.4452,0.045
TRD-01027,2026-04-27T07:00:00+08:00,7,FAC-BJ-01,Beijing,0.00361,3.5418,0.4642
TRD-01028,2026-04-27T07:00:00+08:00,7,FAC-SH-01,Shanghai,0.004893,5.2683,0.348
TRD-01029,2026-04-27T07:00:00+08:00,7,FAC-CD-01,Chengdu,0.005672,5.9231,0.7626
TRD-01030,2026-04-27T08:00:00+08:00,8,FAC-SH-01,Shanghai,0.008086,7.6616,0.9997
TRD-01031,2026-04-27T08:00:00+08:00,8,FAC-CD-01,Chengdu,0.007228,7.0087,0.4214
TRD-01032,2026-04-27T08:00:00+08:00,8,FAC-SZ-01,Shenzhen,0.008187,8.4875,0.6332
TRD-01033,2026-04-27T09:00:00+08:00,9,FAC-CD-01,Chengdu,0.011848,12.0325,0.705
TRD-01034,2026-04-27T09:00:00+08:00,9,FAC-SZ-01,Shenzhen,0.009177,8.729,0.6052
TRD-01035,2026-04-27T09:00:00+08:00,9,FAC-HZ-01,Hangzhou,0.011689,11.3504,0.632
TRD-01036,2026-04-27T10:00:00+08:00,10,FAC-SZ-01,Shenzhen,0.011628,11.0096,0.8851
TRD-01037,2026-04-27T10:00:00+08:00,10,FAC-HZ-01,Hangzhou,0.012967,12.1144,1.1032
TRD-01038,2026-04-27T10:00:00+08:00,10,FAC-SH-02,Shanghai,0.020997,21.2546,2.1841
TRD-01039,2026-04-27T11:00:00+08:00,11,FAC-HZ-01,Hangzhou,0.029645,28.7143,3.8998
TRD-01040,2026-04-27T11:00:00+08:00,11,FAC-SH-02,Shanghai,0.029481,27.5665,1.7436
TRD-01041,2026-04-27T11:00:00+08:00,11,FAC-BJ-01,Beijing,0.028345,26.8381,1.7155
TRD-01042,2026-04-27T12:00:00+08:00,12,FAC-SH-02,Shanghai,0.022309,22.7454,2.9046
TRD-01043,2026-04-27T12:00:00+08:00,12,FAC-BJ-01,Beijing,0.026533,27.8306,2.0342
TRD-01044,2026-04-27T12:00:00+08:00,12,FAC-SH-01,Shanghai,0.019349,18.5952,1.209
TRD-01045,2026-04-27T13:00:00+08:00,13,FAC-BJ-01,Beijing,0.030252,32.2049,3.3202
TRD-01046,2026-04-27T13:00:00+08:00,13,FAC-SH-01,Shanghai,0.029511,29.7916,3.5602
TRD-01047,2026-04-27T13:00:00+08:00,13,FAC-CD-01,Chengdu,0.019644,18.2809,2.5771
TRD-01048,2026-04-27T14:00:00+08:00,14,FAC-SH-01,Shanghai,0.014349,14.2791,1.023
TRD-01049,2026-04-27T14:00:00+08:00,14,FAC-CD-01,Chengdu,0.021015,22.3801,2.5772
TRD-01050,2026-04-27T14:00:00+08:00,14,FAC-SZ-01,Shenzhen,0.011953,11.9207,1.1601
TRD-01051,2026-04-27T15:00:00+08:00,15,FAC-CD-01,Chengdu,0.01129,10.7582,0.8318
TRD-01052,2026-04-27T15:00:00+08:00,15,FAC-SZ-01,Shenzhen,0.016622,17.6586,1.0758
TRD-01053,2026-04-27T15:00:00+08:00,15,FAC-HZ-01,Hangzhou,0.011037,11.125,0.6968
TRD-01054,2026-04-27T16:00:00+08:00,16,FAC-SZ-01,Shenzhen,0.012124,11.4235,0.9203
TRD-01055,2026-04-27T16:00:00+08:00,16,FAC-HZ-01,Hangzhou,0.018338,17.0717,1.727
TRD-01056,2026-04-27T16:00:00+08:00,16,FAC-SH-02,Shanghai,0.013291,13.738,1.2439
TRD-01057,2026-04-27T17:00:00+08:00,17,FAC-HZ-01,Hangzhou,0.005911,5.6152,0.5749
TRD-01058,2026-04-27T17:00:00+08:00,17,FAC-SH-02,Shanghai,0.00648,6.3579,0.8065
TRD-01059,2026-04-27T17:00:00+08:00,17,FAC-BJ-01,Beijing,0.013802,13.3815,1.7524
TRD-01060,2026-04-27T18:00:00+08:00,18,FAC-SH-02,Shanghai,0.00399,4.0786,0.4534
TRD-01061,2026-04-27T18:00:00+08:00,18,FAC-BJ-01,Beijing,0.002108,2.191,0.284
TRD-01062,2026-04-27T18:00:00+08:00,18,FAC-SH-01,Shanghai,0.004912,4.9812,0.6539
TRD-01063,2026-04-27T19:00:00+08:00,19,FAC-BJ-01,Beijing,0.000404,0.4291,0.0532
TRD-01064,2026-04-27T19:00:00+08:00,19,FAC-SH-01,Shanghai,0.00034,0.3585,0.0244
TRD-01065,2026-04-27T19:00:00+08:00,19,FAC-CD-01,Chengdu,0.000242,0.2456,0.025
TRD-01066,2026-04-28T07:00:00+08:00,7,FAC-SH-01,Shanghai,0.002165,2.0744,0.2318
TRD-01067,2026-04-28T07:00:00+08:00,7,FAC-CD-01,Chengdu,0.001963,1.9649,0.2321
TRD-01068,2026-04-28T07:00:00+08:00,7,FAC-SZ-01,Shenzhen,0.00234,2.446,0.2636
TRD-01069,2026-04-28T08:00:00+08:00,8,FAC-CD-01,Chengdu,0.006004,6.2654,0.4701
TRD-01070,2026-04-28T08:00:00+08:00,8,FAC-SZ-01,Shenzhen,0.006861,6.4596,0.8862
TRD-01071,2026-04-28T08:00:00+08:00,8,FAC-HZ-01,Hangzhou,0.003716,3.969,0.3623
TRD-01072,2026-04-28T09:00:00+08:00,9,FAC-SZ-01,Shenzhen,0.008796,8.6717,0.7837
TRD-01073,2026-04-28T09:00:00+08:00,9,FAC-HZ-01,Hangzhou,0.007619,8.1252,0.9211
TRD-01074,2026-04-28T09:00:00+08:00,9,FAC-SH-02,Shanghai,0.00552,5.6287,0.3623
TRD-01075,2026-04-28T10:00:00+08:00,10,FAC-HZ-01,Hangzhou,0.009208,9.6841,1.2378
TRD-01076,2026-04-28T10:00:00+08:00,10,FAC-SH-02,Shanghai,0.012789,12.921,0.8113
TRD-01077,2026-04-28T10:00:00+08:00,10,FAC-BJ-01,Beijing,0.014051,14.8576,1.3737
TRD-01078,2026-04-28T11:00:00+08:00,11,FAC-SH-02,Shanghai,0.025456,25.3583,2.2215
TRD-01079,2026-04-28T11:00:00+08:00,11,FAC-BJ-01,Beijing,0.023972,25.7143,1.3581
TRD-01080,2026-04-28T11:00:00+08:00,11,FAC-SH-01,Shanghai,0.020535,19.3007,2.7838
TRD-01081,2026-04-28T12:00:00+08:00,12,FAC-BJ-01,Beijing,0.024127,24.9375,2.6978
TRD-01082,2026-04-28T12:00:00+08:00,12,FAC-SH-01,Shanghai,0.014182,15.1126,1.3718
TRD-01083,2026-04-28T12:00:00+08:00,12,FAC-CD-01,Chengdu,0.013065,12.1642,1.521
TRD-01084,2026-04-28T13:00:00+08:00,13,FAC-SH-01,Shanghai,0.019007,19.4386,2.1841
TRD-01085,2026-04-28T13:00:00+08:00,13,FAC-CD-01,Chengdu,0.021611,20.4418,2.1994
TRD-01086,2026-04-28T13:00:00+08:00,13,FAC-SZ-01,Shenzhen,0.014479,15.2752,1.8552
TRD-01087,2026-04-28T14:00:00+08:00,14,FAC-CD-01,Chengdu,0.010534,10.9726,0.6782
TRD-01088,2026-04-28T14:00:00+08:00,14,FAC-SZ-01,Shenzhen,0.0083,7.7216,0.5742
TRD-01089,2026-04-28T14:00:00+08:00,14,FAC-HZ-01,Hangzhou,0.015069,16.0935,1.9426
TRD-01090,2026-04-28T15:00:00+08:00,15,FAC-SZ-01,Shenzhen,0.012533,13.1656,1.0923
TRD-01091,2026-04-28T15:00:00+08:00,15,FAC-HZ-01,Hangzhou,0.018231,17.2395,1.7323
TRD-01092,2026-04-28T15:00:00+08:00,15,FAC-SH-02,Shanghai,0.016032,16.3789,1.6671
TRD-01093,2026-04-28T16:00:00+08:00,16,FAC-HZ-01,Hangzhou,0.01121,10.6328,1.0433
TRD-01094,2026-04-28T16:00:00+08:00,16,FAC-SH-02,Shanghai,0.011628,12.1707,1.2568
TRD-01095,2026-04-28T16:00:00+08:00,16,FAC-BJ-01,Beijing,0.008876,8.4455,0.4993
TRD-01096,2026-04-28T17:00:00+08:00,17,FAC-SH-02,Shanghai,0.007702,8.1274,0.7917
TRD-01097,2026-04-28T17:00:00+08:00,17,FAC-BJ-01,Beijing,0.011265,11.9913,1.2046
TRD-01098,2026-04-28T17:00:00+08:00,17,FAC-SH-01,Shanghai,0.010104,10.7534,0.7586
TRD-01099,2026-04-28T18:00:00+08:00,18,FAC-BJ-01,Beijing,0.002493,2.6438,0.2088
TRD-01100,2026-04-28T18:00:00+08:00,18,FAC-SH-01,Shanghai,0.003547,3.814,0.3838
TRD-01101,2026-04-28T18:00:00+08:00,18,FAC-CD-01,Chengdu,0.002851,2.8921,0.2294
TRD-01102,2026-04-28T19:00:00+08:00,19,FAC-SH-01,Shanghai,0.000947,0.963,0.1269
TRD-01103,2026-04-28T19:00:00+08:00,19,FAC-CD-01,Chengdu,0.000507,0.4881,0.0549
TRD-01104,2026-04-28T19:00:00+08:00,19,FAC-SZ-01,Shenzhen,0.000656,0.6971,0.0766
TRD-01105,2026-04-29T07:00:00+08:00,7,FAC-CD-01,Chengdu,0.00317,3.2706,0.1913
TRD-01106,2026-04-29T07:00:00+08:00,7,FAC-SZ-01,Shenzhen,0.002022,2.1053,0.1668
TRD-01107,2026-04-29T07:00:00+08:00,7,FAC-HZ-01,Hangzhou,0.002299,2.1741,0.1405
TRD-01108,2026-04-29T08:00:00+08:00,8,FAC-SZ-01,Shenzhen,0.007522,7.7607,0.7257
TRD-01109,2026-04-29T08:00:00+08:00,8,FAC-HZ-01,Hangzhou,0.00747,7.9797,0.8004
TRD-01110,2026-04-29T08:00:00+08:00,8,FAC-SH-02,Shanghai,0.003939,4.2246,0.4939
TRD-01111,2026-04-29T09:00:00+08:00,9,FAC-HZ-01,Hangzhou,0.010396,10.0422,1.3858
TRD-01112,2026-04-29T09:00:00+08:00,9,FAC-SH-02,Shanghai,0.009157,8.8308,0.5366
TRD-01113,2026-04-29T09:00:00+08:00,9,FAC-BJ-01,Beijing,0.01134,12.0629,0.7178
TRD-01114,2026-04-29T10:00:00+08:00,10,FAC-SH-02,Shanghai,0.012513,11.7465,1.0284
TRD-01115,2026-04-29T10:00:00+08:00,10,FAC-BJ-01,Beijing,0.011897,12.5379,1.2947
TRD-01116,2026-04-29T10:00:00+08:00,10,FAC-SH-01,Shanghai,0.013974,13.4546,1.877
TRD-01117,2026-04-29T11:00:00+08:00,11,FAC-BJ-01,Beijing,0.023986,22.3615,1.4394
TRD-01118,2026-04-29T11:00:00+08:00,11,FAC-SH-01,Shanghai,0.01522,15.7264,1.9479
TRD-01119,2026-04-29T11:00:00+08:00,11,FAC-CD-01,Chengdu,0.01396,13.6969,0.8194
TRD-01120,2026-04-29T12:00:00+08:00,12,FAC-SH-01,Shanghai,0.018015,18.4324,1.0734
TRD-01121,2026-04-29T12:00:00+08:00,12,FAC-CD-01,Chengdu,0.012431,12.2116,1.5254
TRD-01122,2026-04-29T12:00:00+08:00,12,FAC-SZ-01,Shenzhen,0.02377,24.1513,3.0772
TRD-01123,2026-04-29T13:00:00+08:00,13,FAC-CD-01,Chengdu,0.015396,14.5268,1.203
TRD-01124,2026-04-29T13:00:00+08:00,13,FAC-SZ-01,Shenzhen,0.015499,16.2824,1.2977
TRD-01125,2026-04-29T13:00:00+08:00,13,FAC-HZ-01,Hangzhou,0.027029,25.3928,3.3245
TRD-01126,2026-04-29T14:00:00+08:00,14,FAC-SZ-01,Shenzhen,0.020307,20.9816,2.2389
TRD-01127,2026-04-29T14:00:00+08:00,14,FAC-HZ-01,Hangzhou,0.014893,15.899,1.5738
TRD-01128,2026-04-29T14:00:00+08:00,14,FAC-SH-02,Shanghai,0.021866,21.6606,1.7033
TRD-01129,2026-04-29T15:00:00+08:00,15,FAC-HZ-01,Hangzhou,0.015541,14.8745,1.0728
TRD-01130,2026-04-29T15:00:00+08:00,15,FAC-SH-02,Shanghai,0.0121,11.9347,1.6442
TRD-01131,2026-04-29T15:00:00+08:00,15,FAC-BJ-01,Beijing,0.009313,8.6728,1.1837
TRD-01132,2026-04-29T16:00:00+08:00,16,FAC-SH-02,Shanghai,0.011802,11.8325,0.9376
TRD-01133,2026-04-29T16:00:00+08:00,16,FAC-BJ-01,Beijing,0.017302,16.3839,1.9389
TRD-01134,2026-04-29T16:00:00+08:00,16,FAC-SH-01,Shanghai,0.007784,7.9885,0.7375
TRD-01135,2026-04-29T17:00:00+08:00,17,FAC-BJ-01,Beijing,0.006243,6.1327,0.7683
TRD-01136,2026-04-29T17:00:00+08:00,17,FAC-SH-01,Shanghai,0.011997,11.8768,0.7957
TRD-01137,2026-04-29T17:00:00+08:00,17,FAC-CD-01,Chengdu,0.007295,7.2838,0.5176
TRD-01138,2026-04-29T18:00:00+08:00,18,FAC-SH-01,Shanghai,0.005867,5.7225,0.6037
TRD-01139,2026-04-29T18:00:00+08:00,18,FAC-CD-01,Chengdu,0.006107,6.4089,0.3736
TRD-01140,2026-04-29T18:00:00+08:00,18,FAC-SZ-01,Shenzhen,0.00463,4.7566,0.471
TRD-01141,2026-04-29T19:00:00+08:00,19,FAC-CD-01,Chengdu,0.001223,1.3063,0.1392
TRD-01142,2026-04-29T19:00:00+08:00,19,FAC-SZ-01,Shenzhen,0.001301,1.2566,0.133
TRD-01143,2026-04-29T19:00:00+08:00,19,FAC-HZ-01,Hangzhou,0.001,1.0738,0.0586
TRD-01144,2026-04-30T06:00:00+08:00,6,FAC-SZ-01,Shenzhen,0.000442,0.4586,0.0475
TRD-01145,2026-04-30T06:00:00+08:00,6,FAC-HZ-01,Hangzhou,0.000935,0.9988,0.0825
TRD-01146,2026-04-30T06:00:00+08:00,6,FAC-SH-02,Shanghai,0.000904,0.9124,0.0618
TRD-01147,2026-04-30T07:00:00+08:00,7,FAC-HZ-01,Hangzhou,0.005114,5.435,0.2905
TRD-01148,2026-04-30T07:00:00+08:00,7,FAC-SH-02,Shanghai,0.006926,6.8445,0.9344
TRD-01149,2026-04-30T07:00:00+08:00,7,FAC-BJ-01,Beijing,0.005454,5.1843,0.3766
TRD-01150,2026-04-30T08:00:00+08:00,8,FAC-SH-02,Shanghai,0.008366,8.5688,0.7198
TRD-01151,2026-04-30T08:00:00+08:00,8,FAC-BJ-01,Beijing,0.008188,7.7826,0.9185
TRD-01152,2026-04-30T08:00:00+08:00,8,FAC-SH-01,Shanghai,0.009052,9.1425,1.1264
TRD-01153,2026-04-30T09:00:00+08:00,9,FAC-BJ-01,Beijing,0.014042,13.8004,1.1085
TRD-01154,2026-04-30T09:00:00+08:00,9,FAC-SH-01,Shanghai,0.020834,20.6568,1.95
TRD-01155,2026-04-30T09:00:00+08:00,9,FAC-CD-01,Chengdu,0.010693,10.2293,0.9398
TRD-01156,2026-04-30T10:00:00+08:00,10,FAC-SH-01,Shanghai,0.020127,19.9972,2.2976
TRD-01157,2026-04-30T10:00:00+08:00,10,FAC-CD-01,Chengdu,0.022208,23.6155,2.7484
TRD-01158,2026-04-30T10:00:00+08:00,10,FAC-SZ-01,Shenzhen,0.024653,23.409,1.618
TRD-01159,2026-04-30T11:00:00+08:00,11,FAC-CD-01,Chengdu,0.030702,29.9785,3.8615
TRD-01160,2026-04-30T11:00:00+08:00,11,FAC-SZ-01,Shenzhen,0.031006,33.3563,2.0512
TRD-01161,2026-04-30T11:00:00+08:00,11,FAC-HZ-01,Hangzhou,0.037712,38.9253,4.9664
TRD-01162,2026-04-30T12:00:00+08:00,12,FAC-SZ-01,Shenzhen,0.030844,29.6469,2.3774
TRD-01163,2026-04-30T12:00:00+08:00,12,FAC-HZ-01,Hangzhou,0.033265,32.9647,2.4334
TRD-01164,2026-04-30T12:00:00+08:00,12,FAC-SH-02,Shanghai,0.030809,28.8091,3.8502
TRD-01165,2026-04-30T13:00:00+08:00,13,FAC-HZ-01,Hangzhou,0.035234,33.6622,2.1763
TRD-01166,2026-04-30T13:00:00+08:00,13,FAC-SH-02,Shanghai,0.031749,31.8826,2.4154
TRD-01167,2026-04-30T13:00:00+08:00,13,FAC-BJ-01,Beijing,0.028025,28.389,2.3664
TRD-01168,2026-04-30T14:00:00+08:00,14,FAC-SH-02,Shanghai,0.026523,27.444,1.6078
TRD-01169,2026-04-30T14:00:00+08:00,14,FAC-BJ-01,Beijing,0.021981,23.165,2.1541
TRD-01170,2026-04-30T14:00:00+08:00,14,FAC-SH-01,Shanghai,0.034764,36.6104,3.4797
TRD-01171,2026-04-30T15:00:00+08:00,15,FAC-BJ-01,Beijing,0.01962,20.5826,1.7598
TRD-01172,2026-04-30T15:00:00+08:00,15,FAC-SH-01,Shanghai,0.02514,24.3382,2.7486
TRD-01173,2026-04-30T15:00:00+08:00,15,FAC-CD-01,Chengdu,0.020068,20.2588,1.1999
TRD-01174,2026-04-30T16:00:00+08:00,16,FAC-SH-01,Shanghai,0.015324,14.3434,1.9434
TRD-01175,2026-04-30T16:00:00+08:00,16,FAC-CD-01,Chengdu,0.018782,20.0805,1.8992
TRD-01176,2026-04-30T16:00:00+08:00,16,FAC-SZ-01,Shenzhen,0.014059,13.4817,0.9403
TRD-01177,2026-04-30T17:00:00+08:00,17,FAC-CD-01,Chengdu,0.007451,7.6988,0.7672
TRD-01178,2026-04-30T17:00:00+08:00,17,FAC-SZ-01,Shenzhen,0.016261,16.2497,1.3177
TRD-01179,2026-04-30T17:00:00+08:00,17,FAC-HZ-01,Hangzhou,0.013801,12.9802,1.3958
TRD-01180,2026-04-30T18:00:00+08:00,18,FAC-SZ-01,Shenzhen,0.004841,5.1834,0.5511
TRD-01181,2026-04-30T18:00:00+08:00,18,FAC-HZ-01,Hangzhou,0.004312,4.1336,0.4468
TRD-01182,2026-04-30T18:00:00+08:00,18,FAC-SH-02,Shanghai,0.003143,3.3627,0.3169
TRD-01183,2026-04-30T19:00:00+08:00,19,FAC-HZ-01,Hangzhou,0.000738,0.7599,0.0697
TRD-01184,2026-04-30T19:00:00+08:00,19,FAC-SH-02,Shanghai,0.001,1.0506,0.1353
TRD-01185,2026-04-30T19:00:00+08:00,19,FAC-BJ-01,Beijing,0.000958,0.9893,0.1064
